frame,master_track_id,raw_tracker_id,class_name,occlusion_gap_frames,prediction_error_px,matching_cost,event,color_pre,color_post,color_preserved,size_consistency_pct,shape_consistency_pct
29,9,11,car,6,2.25,0.1095,MEMORY_RECOVERY_SUCCESS,Blue,Blue,True,73.44,67.27
72,4,21,car,24,217.28,0.1897,MEMORY_RECOVERY_SUCCESS,Orange,Grey/Brown,False,71.28,15.9
95,16,22,car,54,27.88,0.1774,MEMORY_RECOVERY_SUCCESS,Orange,Blue,False,45.31,54.55
98,19,23,car,16,67.56,0.1102,MEMORY_RECOVERY_SUCCESS,Blue,Blue,True,73.99,80.83
101,8,24,car,53,218.51,0.1427,MEMORY_RECOVERY_SUCCESS,Red,Orange,False,88.61,16.73
110,1,25,car,62,438.29,0.2812,MEMORY_RECOVERY_SUCCESS,Red,Blue,False,80.58,90.7
110,20,26,car,32,13.54,0.146,MEMORY_RECOVERY_SUCCESS,Blue,Orange,False,53.47,94.97
110,9,27,car,72,232.94,0.1782,MEMORY_RECOVERY_SUCCESS,Red,Blue,False,81.73,34.24
115,4,28,car,4,81.34,0.1403,MEMORY_RECOVERY_SUCCESS,Orange,Orange,True,66.17,54.29
125,7,29,car,77,421.91,0.3543,MEMORY_RECOVERY_SUCCESS,Red,Blue,False,66.18,15.03
133,13,30,car,9,403.46,0.3697,MEMORY_RECOVERY_SUCCESS,Blue,Blue,True,40.87,18.75
160,8,33,car,42,472.5,0.404,MEMORY_RECOVERY_SUCCESS,Orange,Blue,False,40.39,37.82
164,19,34,car,43,188.14,0.2644,MEMORY_RECOVERY_SUCCESS,Blue,Blue,True,41.77,83.62
167,4,35,car,33,143.53,0.1023,MEMORY_RECOVERY_SUCCESS,Orange,Orange,True,89.8,97.71
174,13,37,car,22,264.21,0.2974,MEMORY_RECOVERY_SUCCESS,Blue,Blue,True,42.85,22.89
183,7,42,car,55,134.19,0.0826,MEMORY_RECOVERY_SUCCESS,Blue,Blue,True,93.79,16.11
205,38,68,car,26,358.88,0.2616,MEMORY_RECOVERY_SUCCESS,Orange,Blue,False,76.82,69.52
205,20,48,car,28,208.98,0.2,MEMORY_RECOVERY_SUCCESS,Orange,Blue,False,74.94,20.5
212,8,81,car,1,72.41,0.1382,MEMORY_RECOVERY_SUCCESS,Orange,Blue,False,65.43,25.09
213,69,82,car,3,262.43,0.1441,MEMORY_RECOVERY_SUCCESS,Red,Blue,False,94.05,54.44
218,45,89,car,13,228.12,0.1131,MEMORY_RECOVERY_SUCCESS,Green,Orange,False,98.55,76.81
221,40,105,car,2,344.45,0.2909,MEMORY_RECOVERY_SUCCESS,Blue,Blue,True,57.79,97.83
229,80,106,car,6,117.88,0.1286,MEMORY_RECOVERY_SUCCESS,Orange,Orange,True,80.59,84.42
231,43,107,car,12,63.14,0.1206,MEMORY_RECOVERY_SUCCESS,Red,Orange,False,69.85,82.18
238,78,108,car,20,201.97,0.1661,MEMORY_RECOVERY_SUCCESS,Blue,Blue,True,76.73,83.04
