frame,track_id,class_name,confidence,x1,y1,x2,y2,center_x,center_y,width,height,area,aspect_ratio,shape_type,color,color_hsv,lab,chroma,raw_track_id,memory_state,velocity_x,velocity_y
2,1,airplane,0.8574,267.2,309.89,1035.59,460.61,651.39,385.25,768.39,150.72,115809.09,5.1,Horizontal Oblong,Grey,"(103, 27, 176)","(68.24, -2.0, -4.0)",4.47,1,VISIBLE,0.0,0.0
3,1,airplane,0.8581,266.06,309.51,1034.94,460.74,650.5,385.13,768.88,151.24,116282.02,5.08,Horizontal Oblong,Grey,"(103, 27, 175)","(68.24, -2.0, -4.0)",4.47,1,VISIBLE,-0.89,-0.12
4,1,airplane,0.86,265.7,308.15,1034.43,460.86,650.07,384.51,768.73,152.7,117388.27,5.03,Horizontal Oblong,Grey,"(103, 27, 175)","(68.24, -2.0, -4.0)",4.47,1,VISIBLE,-0.57,-0.47
5,1,airplane,0.8533,265.04,307.21,1034.53,461.12,649.78,384.16,769.49,153.91,118429.24,5.0,Horizontal Oblong,Grey,"(102, 26, 175)","(68.24, -2.0, -4.0)",4.47,1,VISIBLE,-0.37,-0.38
6,1,airplane,0.8632,263.95,305.99,1034.96,461.43,649.46,383.71,771.01,155.44,119842.89,4.96,Horizontal Oblong,Grey,"(103, 27, 175)","(67.84, -2.0, -4.0)",4.47,1,VISIBLE,-0.34,-0.43
7,1,airplane,0.8651,263.2,304.69,1035.3,461.68,649.25,383.19,772.1,156.99,121213.77,4.92,Horizontal Oblong,Grey,"(103, 27, 175)","(67.84, -2.0, -4.0)",4.47,1,VISIBLE,-0.25,-0.5
8,1,airplane,0.8564,262.78,303.32,1035.01,462.1,648.9,382.71,772.23,158.78,122613.17,4.86,Horizontal Oblong,Grey,"(103, 27, 175)","(67.84, -2.0, -5.0)",5.39,1,VISIBLE,-0.32,-0.48
9,1,airplane,0.8636,262.47,303.35,1034.33,462.46,648.4,382.91,771.85,159.12,122815.56,4.85,Horizontal Oblong,Grey,"(103, 27, 175)","(67.84, -2.0, -4.0)",4.47,1,VISIBLE,-0.44,-0.01
10,1,airplane,0.8517,261.27,303.12,1033.85,462.87,647.56,383.0,772.57,159.76,123424.4,4.84,Horizontal Oblong,Grey,"(104, 28, 175)","(67.45, -2.0, -5.0)",5.39,1,VISIBLE,-0.72,0.06
11,1,airplane,0.8454,260.54,303.56,1033.08,463.46,646.81,383.51,772.55,159.9,123527.48,4.83,Horizontal Oblong,Grey,"(103, 27, 174)","(67.45, -2.0, -5.0)",5.39,1,VISIBLE,-0.74,0.38
12,1,airplane,0.8621,260.41,303.72,1032.33,463.91,646.37,383.82,771.92,160.19,123655.52,4.82,Horizontal Oblong,Grey,"(103, 28, 174)","(67.45, -2.0, -5.0)",5.39,1,VISIBLE,-0.53,0.33
13,1,airplane,0.8585,261.56,302.77,1031.93,464.33,646.74,383.55,770.37,161.56,124460.22,4.77,Horizontal Oblong,Grey,"(103, 29, 174)","(67.45, -2.0, -5.0)",5.39,1,VISIBLE,0.1,-0.09
14,1,airplane,0.8211,259.33,301.21,1032.36,464.82,645.85,383.01,773.02,163.61,126471.37,4.72,Horizontal Oblong,Grey,"(104, 29, 174)","(67.45, -2.0, -5.0)",5.39,1,VISIBLE,-0.6,-0.4
15,1,airplane,0.8183,256.8,299.83,1032.81,465.23,644.81,382.53,776.01,165.4,128350.82,4.69,Horizontal Oblong,Grey,"(105, 29, 174)","(67.06, -2.0, -5.0)",5.39,1,VISIBLE,-0.91,-0.46
16,1,airplane,0.7997,255.61,297.64,1033.79,465.48,644.7,381.56,778.18,167.85,130615.65,4.64,Horizontal Oblong,Grey,"(105, 30, 174)","(67.06, -2.0, -5.0)",5.39,1,VISIBLE,-0.35,-0.82
17,1,airplane,0.7318,255.04,296.72,1034.55,465.67,644.79,381.19,779.51,168.95,131702.3,4.61,Horizontal Oblong,Grey,"(105, 31, 174)","(67.06, -2.0, -5.0)",5.39,1,VISIBLE,-0.04,-0.5
18,1,airplane,0.8013,256.59,296.26,1035.04,465.93,645.81,381.09,778.46,169.67,132080.03,4.59,Horizontal Oblong,Grey,"(105, 32, 174)","(66.27, -1.0, -6.0)",6.08,1,VISIBLE,0.7,-0.22
19,1,airplane,0.7913,260.36,295.82,1035.72,466.18,648.04,381.0,775.36,170.36,132088.54,4.55,Horizontal Oblong,Grey,"(106, 32, 174)","(66.27, -1.0, -6.0)",6.08,1,VISIBLE,1.77,-0.13
20,1,airplane,0.7956,260.01,295.12,1036.3,466.51,648.15,380.81,776.29,171.38,133043.53,4.53,Horizontal Oblong,Grey,"(106, 32, 173)","(66.27, -1.0, -6.0)",6.08,1,VISIBLE,0.61,-0.17
21,1,airplane,0.7711,259.83,294.52,1036.24,466.97,648.03,380.74,776.41,172.45,133890.58,4.5,Horizontal Oblong,Grey,"(105, 32, 173)","(65.88, -1.0, -6.0)",6.08,1,VISIBLE,0.1,-0.1
22,1,airplane,0.7123,254.86,293.07,1036.07,467.57,645.47,380.32,781.21,174.5,136320.93,4.48,Horizontal Oblong,Grey,"(106, 33, 173)","(65.49, -1.0, -6.0)",6.08,1,VISIBLE,-1.77,-0.33
23,1,airplane,0.6636,252.42,291.91,1036.1,468.24,644.26,380.07,783.68,176.33,138184.65,4.44,Horizontal Oblong,Grey,"(106, 33, 173)","(65.49, -1.0, -6.0)",6.08,1,VISIBLE,-1.37,-0.27
24,1,airplane,0.7472,263.01,291.47,1036.43,468.86,649.72,380.17,773.42,177.39,137198.16,4.36,Horizontal Oblong,Grey,"(106, 34, 173)","(65.49, -1.0, -6.0)",6.08,1,VISIBLE,3.41,-0.02
25,1,airplane,0.7719,283.99,291.82,1036.07,469.21,660.03,380.52,752.09,177.39,133411.01,4.24,Horizontal Oblong,Grey,"(105, 33, 172)","(65.49, -1.0, -6.0)",6.08,1,VISIBLE,8.24,0.24
26,1,airplane,0.7568,273.16,291.05,1035.96,469.47,654.56,380.26,762.8,178.42,136096.36,4.28,Horizontal Oblong,Grey,"(106, 35, 172)","(65.49, -1.0, -6.0)",6.08,1,VISIBLE,-1.36,-0.11
27,1,airplane,0.7715,306.67,290.43,1036.08,469.62,671.37,380.02,729.41,179.19,130701.3,4.07,Horizontal Oblong,Grey,"(106, 35, 172)","(65.49, -1.0, -6.0)",6.08,1,VISIBLE,11.36,-0.2
28,1,airplane,0.7426,334.0,288.88,1036.24,469.71,685.12,379.3,702.25,180.83,126984.64,3.88,Horizontal Oblong,Grey,"(106, 35, 172)","(65.1, -1.0, -6.0)",6.08,1,VISIBLE,13.03,-0.57
29,1,airplane,0.7344,356.91,288.15,1037.51,469.85,697.21,379.0,680.59,181.7,123660.76,3.75,Horizontal Oblong,Grey,"(106, 35, 172)","(65.1, -1.0, -6.0)",6.08,1,VISIBLE,12.37,-0.38
30,1,airplane,0.8017,367.24,286.91,1038.36,469.89,702.8,378.4,671.11,182.98,122801.91,3.67,Horizontal Oblong,Grey,"(106, 35, 172)","(65.1, -1.0, -6.0)",6.08,1,VISIBLE,7.62,-0.53
31,1,airplane,0.8121,371.69,285.03,1039.25,470.0,705.47,377.51,667.55,184.97,123474.86,3.61,Horizontal Oblong,Grey,"(106, 35, 172)","(65.1, -1.0, -6.0)",6.08,1,VISIBLE,4.16,-0.78
32,1,airplane,0.8073,372.62,283.76,1040.01,470.05,706.31,376.91,667.38,186.29,124326.68,3.58,Horizontal Oblong,Grey,"(106, 36, 171)","(64.71, -1.0, -6.0)",6.08,1,VISIBLE,1.84,-0.66
33,1,airplane,0.802,369.65,281.37,1040.83,470.2,705.24,375.78,671.18,188.83,126741.79,3.55,Horizontal Oblong,Grey,"(106, 36, 171)","(64.71, -1.0, -6.0)",6.08,1,VISIBLE,-0.2,-0.98
34,1,airplane,0.7049,320.2,280.71,1041.52,470.42,680.86,375.56,721.32,189.71,136844.11,3.8,Horizontal Oblong,Grey,"(106, 38, 171)","(64.71, -1.0, -7.0)",7.07,1,VISIBLE,-17.13,-0.45
35,1,airplane,0.7235,280.18,279.36,1041.73,470.67,660.95,375.01,761.55,191.32,145696.12,3.98,Horizontal Oblong,Grey,"(106, 39, 170)","(64.31, -1.0, -7.0)",7.07,1,VISIBLE,-19.07,-0.52
36,1,airplane,0.7595,253.15,278.05,1041.98,470.72,647.57,374.38,788.83,192.67,151984.95,4.09,Horizontal Oblong,Grey,"(105, 39, 170)","(63.92, -1.0, -7.0)",7.07,1,VISIBLE,-15.09,-0.6
37,1,airplane,0.7501,237.38,276.78,1042.23,470.62,639.8,373.7,804.84,193.84,156014.49,4.15,Horizontal Oblong,Grey,"(105, 40, 170)","(63.53, -1.0, -7.0)",7.07,1,VISIBLE,-9.96,-0.66
38,1,airplane,0.7998,229.01,273.7,1043.61,470.36,636.31,372.03,814.6,196.66,160199.49,4.14,Horizontal Oblong,Grey,"(105, 41, 170)","(63.53, -1.0, -8.0)",8.06,1,VISIBLE,-5.43,-1.37
39,1,airplane,0.8061,225.68,271.45,1045.32,469.89,635.5,370.67,819.64,198.44,162651.07,4.13,Horizontal Oblong,Grey,"(105, 42, 169)","(63.14, -1.0, -8.0)",8.06,1,VISIBLE,-2.2,-1.36
40,1,airplane,0.8223,225.76,270.37,1046.81,469.48,636.29,369.92,821.05,199.11,163480.85,4.12,Horizontal Oblong,Grey,"(105, 42, 169)","(63.14, -1.0, -8.0)",8.06,1,VISIBLE,-0.11,-0.93
41,1,airplane,0.833,228.52,269.85,1049.16,469.05,638.84,369.45,820.64,199.2,163470.0,4.12,Horizontal Oblong,Grey,"(105, 42, 169)","(63.14, -2.0, -8.0)",8.25,1,VISIBLE,1.76,-0.61
42,1,airplane,0.7563,232.05,269.09,1051.13,468.46,641.59,368.78,819.08,199.37,163297.56,4.11,Horizontal Oblong,Grey,"(105, 44, 169)","(63.14, -1.0, -8.0)",8.06,1,VISIBLE,2.45,-0.66
43,1,airplane,0.7994,235.76,267.8,1053.29,467.75,644.52,367.77,817.53,199.95,163467.17,4.09,Horizontal Oblong,Grey,"(105, 44, 169)","(63.14, -1.0, -8.0)",8.06,1,VISIBLE,2.79,-0.9
44,1,airplane,0.8009,238.94,265.34,1055.16,466.85,647.05,366.1,816.22,201.51,164472.89,4.05,Horizontal Oblong,Grey,"(105, 44, 168)","(62.75, -1.0, -8.0)",8.06,1,VISIBLE,2.6,-1.45
45,1,airplane,0.8028,241.67,263.0,1057.69,466.07,649.68,364.53,816.03,203.07,165714.48,4.02,Horizontal Oblong,Grey,"(105, 44, 168)","(62.75, -2.0, -8.0)",8.25,1,VISIBLE,2.62,-1.53
46,1,airplane,0.8314,243.54,260.11,1059.6,465.41,651.57,362.76,816.06,205.29,167532.45,3.98,Horizontal Oblong,Blue,"(105, 67, 160)","(56.86, -2.0, -14.0)",14.14,1,VISIBLE,2.11,-1.7
47,1,airplane,0.8288,245.52,257.75,1060.84,464.83,653.18,361.29,815.32,207.08,168835.13,3.94,Horizontal Oblong,Blue,"(105, 67, 160)","(56.86, -2.0, -14.0)",14.14,1,VISIBLE,1.76,-1.54
48,1,airplane,0.8168,245.92,254.44,1063.23,463.86,654.57,359.15,817.31,209.42,171163.35,3.9,Horizontal Oblong,Blue,"(106, 67, 160)","(56.86, -2.0, -14.0)",14.14,1,VISIBLE,1.5,-1.96
49,1,airplane,0.8178,246.37,253.55,1065.27,462.87,655.82,358.21,818.89,209.32,171411.49,3.91,Horizontal Oblong,Blue,"(106, 67, 159)","(56.86, -2.0, -14.0)",14.14,1,VISIBLE,1.32,-1.25
50,1,airplane,0.8024,246.87,253.73,1067.31,461.97,657.09,357.85,820.44,208.24,170848.57,3.94,Horizontal Oblong,Blue,"(106, 67, 159)","(56.47, -2.0, -14.0)",14.14,1,VISIBLE,1.29,-0.63
51,1,airplane,0.7923,247.44,252.75,1069.11,461.31,658.28,357.03,821.67,208.56,171367.06,3.94,Horizontal Oblong,Blue,"(106, 67, 159)","(56.47, -2.0, -14.0)",14.14,1,VISIBLE,1.22,-0.76
52,1,airplane,0.7692,247.12,249.72,1072.2,460.79,659.66,355.25,825.08,211.07,174145.57,3.91,Horizontal Oblong,Blue,"(106, 67, 158)","(55.69, -2.0, -14.0)",14.14,1,VISIBLE,1.33,-1.47
53,1,airplane,0.7815,246.59,248.28,1075.53,460.66,661.06,354.47,828.94,212.38,176053.6,3.9,Horizontal Oblong,Blue,"(106, 67, 157)","(55.69, -2.0, -14.0)",14.14,1,VISIBLE,1.38,-0.99
54,1,airplane,0.8105,246.79,244.05,1073.65,460.67,660.22,352.36,826.86,216.62,179117.46,3.82,Horizontal Oblong,Blue,"(106, 68, 157)","(55.69, -2.0, -14.0)",14.14,1,VISIBLE,-0.17,-1.77
55,1,airplane,0.79,246.65,241.47,1073.12,460.88,659.89,351.18,826.47,219.4,181328.86,3.77,Horizontal Oblong,Blue,"(106, 68, 157)","(55.69, -2.0, -14.0)",14.14,1,VISIBLE,-0.29,-1.36
56,1,airplane,0.7535,246.22,240.72,1078.42,460.82,662.32,350.77,832.21,220.1,183164.67,3.78,Horizontal Oblong,Blue,"(106, 67, 159)","(56.08, -2.0, -14.0)",14.14,1,VISIBLE,1.62,-0.69
57,1,airplane,0.7281,246.0,240.17,1081.77,460.7,663.88,350.44,835.77,220.53,184313.22,3.79,Horizontal Oblong,Blue,"(106, 68, 158)","(55.69, -2.0, -14.0)",14.14,1,VISIBLE,1.58,-0.44
58,1,airplane,0.7581,245.89,237.01,1084.29,460.69,665.09,348.85,838.4,223.68,187535.0,3.75,Horizontal Oblong,Blue,"(106, 54, 166)","(60.39, -1.0, -10.0)",10.05,1,VISIBLE,1.32,-1.24
59,1,airplane,0.7326,245.11,233.71,1085.81,461.55,665.46,347.63,840.7,227.84,191549.73,3.69,Horizontal Oblong,Blue,"(106, 54, 166)","(60.39, -1.0, -10.0)",10.05,1,VISIBLE,0.65,-1.23
60,1,airplane,0.7053,244.33,235.28,1086.12,462.14,665.23,348.71,841.8,226.86,190966.94,3.71,Horizontal Oblong,Blue,"(106, 54, 166)","(60.39, -1.0, -10.0)",10.05,1,VISIBLE,0.03,0.39
61,1,airplane,0.7433,244.96,237.09,1087.76,462.13,666.36,349.61,842.8,225.05,189670.52,3.75,Horizontal Oblong,Blue,"(106, 55, 167)","(60.39, -1.0, -10.0)",10.05,1,VISIBLE,0.8,0.75
62,1,airplane,0.7794,245.35,235.97,1089.0,462.48,667.18,349.22,843.65,226.52,191101.31,3.72,Horizontal Oblong,Blue,"(106, 56, 166)","(60.39, -1.0, -10.0)",10.05,1,VISIBLE,0.81,-0.05
63,1,airplane,0.7734,245.55,234.59,1090.71,462.67,668.13,348.63,845.15,228.08,192767.05,3.71,Horizontal Oblong,Blue,"(106, 57, 166)","(60.39, -1.0, -10.0)",10.05,1,VISIBLE,0.91,-0.43
64,1,airplane,0.7426,247.75,232.99,1090.91,462.88,669.33,347.93,843.16,229.89,193834.56,3.67,Horizontal Oblong,Blue,"(106, 58, 166)","(60.0, -1.0, -10.0)",10.05,1,VISIBLE,1.11,-0.62
65,1,airplane,0.7072,248.6,231.9,1096.03,463.1,672.31,347.5,847.43,231.2,195922.71,3.67,Horizontal Oblong,Blue,"(106, 58, 166)","(59.61, -1.0, -10.0)",10.05,1,VISIBLE,2.42,-0.49
66,1,airplane,0.6497,248.77,232.97,1099.72,463.61,674.24,348.29,850.95,230.64,196259.22,3.69,Horizontal Oblong,Blue,"(106, 59, 166)","(59.61, -1.0, -11.0)",11.05,1,VISIBLE,2.08,0.41
67,1,airplane,0.7087,249.47,231.52,1102.54,464.61,676.01,348.06,853.07,233.09,198838.84,3.66,Horizontal Oblong,Blue,"(106, 59, 166)","(59.61, -1.0, -11.0)",11.05,1,VISIBLE,1.86,-0.04
68,1,airplane,0.7723,251.14,228.9,1104.54,465.14,677.84,347.02,853.39,236.24,201604.19,3.61,Horizontal Oblong,Blue,"(106, 59, 166)","(59.61, -1.0, -11.0)",11.05,1,VISIBLE,1.84,-0.74
69,1,airplane,0.7416,249.65,227.43,1102.95,465.34,676.3,346.38,853.3,237.91,203012.07,3.59,Horizontal Oblong,Blue,"(106, 60, 165)","(59.61, -1.0, -11.0)",11.05,1,VISIBLE,-0.53,-0.67
70,1,airplane,0.7613,252.04,223.78,1105.94,466.27,678.99,345.03,853.9,242.49,207061.22,3.52,Horizontal Oblong,Blue,"(106, 61, 165)","(59.22, -1.0, -11.0)",11.05,1,VISIBLE,1.73,-1.15
71,1,airplane,0.7857,254.43,222.24,1106.89,466.77,680.66,344.5,852.47,244.53,208455.08,3.49,Horizontal Oblong,Blue,"(106, 63, 164)","(58.43, -1.0, -12.0)",12.04,1,VISIBLE,1.69,-0.71
72,1,airplane,0.7085,253.06,221.45,1106.43,467.12,679.74,344.28,853.37,245.67,209645.68,3.47,Horizontal Oblong,Blue,"(106, 63, 164)","(58.43, -1.0, -12.0)",12.04,1,VISIBLE,-0.13,-0.37
73,1,airplane,0.716,255.45,218.5,1108.87,467.52,682.16,343.01,853.42,249.02,212521.88,3.43,Horizontal Oblong,Blue,"(106, 64, 163)","(57.65, -1.0, -12.0)",12.04,1,VISIBLE,1.65,-1.0
74,1,airplane,0.6757,257.09,219.09,1110.36,468.05,683.73,343.57,853.27,248.96,212429.55,3.43,Horizontal Oblong,Blue,"(106, 65, 163)","(57.65, -1.0, -13.0)",13.04,1,VISIBLE,1.59,0.09
75,1,airplane,0.7021,258.22,220.65,1111.28,468.45,684.75,344.55,853.06,247.8,211389.78,3.44,Horizontal Oblong,Blue,"(106, 65, 163)","(57.65, -1.0, -13.0)",13.04,1,VISIBLE,1.19,0.71
76,1,airplane,0.7676,259.16,216.65,1112.2,468.99,685.68,342.82,853.04,252.34,215255.23,3.38,Horizontal Oblong,Blue,"(106, 66, 163)","(57.65, -1.0, -13.0)",13.04,1,VISIBLE,1.01,-1.0
77,1,airplane,0.7552,259.69,214.61,1113.63,469.73,686.66,342.17,853.94,255.12,217855.03,3.35,Horizontal Oblong,Blue,"(106, 67, 163)","(57.25, -1.0, -13.0)",13.04,1,VISIBLE,0.99,-0.75
78,1,airplane,0.8223,256.83,210.34,1115.33,470.41,686.08,340.37,858.51,260.08,223278.4,3.3,Horizontal Oblong,Blue,"(106, 67, 163)","(57.25, -1.0, -13.0)",13.04,1,VISIBLE,-0.11,-1.48
79,1,airplane,0.767,255.1,216.08,1116.77,471.04,685.93,343.56,861.68,254.96,219694.54,3.38,Horizontal Oblong,Blue,"(106, 67, 163)","(57.25, -1.0, -13.0)",13.04,1,VISIBLE,-0.13,1.78
80,1,airplane,0.7468,257.12,216.52,1117.34,471.78,687.23,344.15,860.22,255.26,219578.53,3.37,Horizontal Oblong,Blue,"(106, 68, 163)","(57.25, -1.0, -13.0)",13.04,1,VISIBLE,0.87,0.95
81,1,airplane,0.6967,258.73,214.13,1118.96,472.5,688.84,343.31,860.23,258.37,222255.83,3.33,Horizontal Oblong,Blue,"(106, 68, 163)","(57.25, -1.0, -13.0)",13.04,1,VISIBLE,1.39,-0.3
82,1,airplane,0.7818,259.86,210.12,1119.49,472.93,689.68,341.53,859.63,262.81,225915.64,3.27,Horizontal Oblong,Blue,"(106, 69, 162)","(56.86, -1.0, -13.0)",13.04,1,VISIBLE,1.0,-1.34
83,1,airplane,0.7961,260.42,205.91,1120.84,473.34,690.63,339.62,860.42,267.43,230102.33,3.22,Horizontal Oblong,Blue,"(106, 70, 162)","(56.86, -1.0, -13.0)",13.04,1,VISIBLE,0.97,-1.73
84,1,airplane,0.8501,260.29,201.1,1122.17,473.51,691.23,337.31,861.88,272.41,234788.49,3.16,Horizontal Oblong,Blue,"(106, 71, 161)","(56.47, -1.0, -13.0)",13.04,1,VISIBLE,0.71,-2.14
85,1,airplane,0.8067,260.13,198.25,1123.34,473.6,691.73,335.92,863.21,275.34,237678.6,3.14,Horizontal Oblong,Blue,"(106, 72, 161)","(56.47, -1.0, -14.0)",14.04,1,VISIBLE,0.57,-1.61
86,1,airplane,0.7818,260.23,198.74,1124.96,474.01,692.6,336.38,864.73,275.28,238040.86,3.14,Horizontal Oblong,Blue,"(106, 72, 160)","(56.47, -1.0, -14.0)",14.04,1,VISIBLE,0.77,-0.17
87,1,airplane,0.78,260.46,199.15,1125.81,474.34,693.13,336.75,865.35,275.19,238133.52,3.14,Horizontal Oblong,Blue,"(106, 73, 160)","(56.08, -1.0, -14.0)",14.04,1,VISIBLE,0.61,0.21
88,1,airplane,0.7277,259.73,197.93,1128.03,474.98,693.88,336.46,868.3,277.06,240568.36,3.13,Horizontal Oblong,Blue,"(106, 74, 160)","(56.08, -1.0, -14.0)",14.04,1,VISIBLE,0.7,-0.14
89,1,airplane,0.724,302.01,197.92,1127.29,475.36,714.65,336.64,825.28,277.44,228969.59,2.97,Horizontal Oblong,Blue,"(106, 73, 159)","(55.69, -1.0, -14.0)",14.04,1,VISIBLE,14.75,0.09
90,1,airplane,0.7327,346.11,200.84,1125.79,475.75,735.95,338.3,779.68,274.91,214339.87,2.84,Horizontal Oblong,Blue,"(106, 73, 159)","(55.69, -1.0, -14.0)",14.04,1,VISIBLE,19.34,1.18
91,1,airplane,0.8003,377.24,201.59,1123.94,476.17,750.59,338.88,746.7,274.59,205032.67,2.72,Horizontal Oblong,Blue,"(106, 72, 158)","(55.29, -1.0, -13.0)",13.04,1,VISIBLE,16.05,0.76
92,1,airplane,0.8567,334.8,194.12,1121.04,476.63,727.92,335.38,786.24,282.52,222124.04,2.78,Horizontal Oblong,Blue,"(106, 74, 158)","(55.29, -1.0, -14.0)",14.04,1,VISIBLE,-11.05,-2.22
93,1,airplane,0.8166,302.81,189.63,1116.29,477.49,709.55,333.56,813.48,287.85,234160.61,2.83,Horizontal Oblong,Blue,"(106, 74, 158)","(55.29, -1.0, -15.0)",15.03,1,VISIBLE,-16.18,-1.94
94,1,airplane,0.7822,279.15,189.31,1113.1,478.09,696.12,333.7,833.95,288.78,240830.04,2.89,Horizontal Oblong,Blue,"(106, 75, 158)","(55.29, -1.0, -15.0)",15.03,1,VISIBLE,-14.25,-0.48
95,1,airplane,0.7707,264.34,199.12,1108.97,478.54,686.66,338.83,844.62,279.42,236006.05,3.02,Horizontal Oblong,Blue,"(106, 74, 159)","(55.29, -1.0, -15.0)",15.03,1,VISIBLE,-10.9,3.45
96,1,airplane,0.7187,262.46,202.51,1104.81,479.19,683.63,340.85,842.35,276.68,233065.79,3.04,Horizontal Oblong,Blue,"(106, 74, 159)","(55.69, -1.0, -15.0)",15.03,1,VISIBLE,-5.39,2.45
97,1,airplane,0.6901,289.78,203.34,1116.95,480.22,703.37,341.78,827.17,276.89,229031.68,2.99,Horizontal Oblong,Blue,"(106, 74, 159)","(55.69, -1.0, -14.0)",14.04,1,VISIBLE,12.2,1.39
98,1,airplane,0.7578,273.98,200.94,1138.2,481.08,706.09,341.01,864.21,280.14,242104.64,3.08,Horizontal Oblong,Blue,"(106, 74, 158)","(55.29, -1.0, -15.0)",15.03,1,VISIBLE,5.57,-0.12
99,1,airplane,0.7307,262.49,201.29,1154.86,482.22,708.68,341.76,892.37,280.94,250699.39,3.18,Horizontal Oblong,Blue,"(106, 74, 158)","(55.29, -1.0, -15.0)",15.03,1,VISIBLE,3.48,0.48
100,1,airplane,0.844,253.51,191.66,1181.84,484.01,717.68,337.84,928.33,292.35,271396.1,3.18,Horizontal Oblong,Blue,"(106, 74, 156)","(54.51, -1.0, -15.0)",15.03,1,VISIBLE,7.34,-2.6
101,1,airplane,0.7602,260.28,183.75,1199.06,485.77,729.67,334.76,938.77,302.02,283526.29,3.11,Horizontal Oblong,Blue,"(106, 75, 154)","(54.12, -1.0, -15.0)",15.03,1,VISIBLE,10.6,-2.93
102,1,airplane,0.8448,292.8,176.46,1179.0,487.35,735.9,331.9,886.2,310.89,275505.18,2.85,Horizontal Oblong,Blue,"(106, 75, 154)","(53.73, -1.0, -15.0)",15.03,1,VISIBLE,7.54,-2.88
103,1,airplane,0.8202,335.41,173.71,1148.6,488.67,742.0,331.19,813.18,314.95,256115.09,2.58,Horizontal Oblong,Blue,"(106, 75, 153)","(52.94, -1.0, -14.0)",14.04,1,VISIBLE,6.54,-1.36
104,1,airplane,0.7216,310.05,171.71,1142.39,489.98,726.22,330.85,832.34,318.26,264903.24,2.62,Horizontal Oblong,Blue,"(106, 74, 155)","(54.12, -1.0, -15.0)",15.03,1,VISIBLE,-9.09,-0.65
105,1,airplane,0.7481,286.5,170.97,1147.46,490.33,716.98,330.65,860.96,319.36,274953.65,2.7,Horizontal Oblong,Blue,"(106, 75, 155)","(54.12, -1.0, -15.0)",15.03,1,VISIBLE,-9.19,-0.33
106,1,airplane,0.6909,268.2,175.64,1166.65,491.06,717.43,333.35,898.46,315.42,283392.89,2.85,Horizontal Oblong,Blue,"(106, 76, 155)","(53.73, -1.0, -15.0)",15.03,1,VISIBLE,-2.45,1.79
107,1,airplane,0.5941,256.55,179.26,1177.68,491.9,717.11,335.58,921.13,312.65,287987.8,2.95,Horizontal Oblong,Blue,"(106, 76, 155)","(54.12, -1.0, -15.0)",15.03,1,VISIBLE,-0.95,2.1
108,1,airplane,0.6397,303.96,176.13,1186.7,493.28,745.33,334.71,882.74,317.15,279961.27,2.78,Horizontal Oblong,Blue,"(106, 76, 154)","(53.33, -1.0, -15.0)",15.03,1,VISIBLE,19.47,0.02
109,1,airplane,0.8229,343.57,171.94,1189.39,495.02,766.48,333.48,845.82,323.08,273265.86,2.62,Horizontal Oblong,Blue,"(106, 77, 152)","(52.55, -1.0, -15.0)",15.03,1,VISIBLE,20.64,-0.85
110,1,airplane,0.8199,369.32,168.75,1194.01,496.3,781.66,332.52,824.7,327.55,270128.93,2.52,Horizontal Oblong,Blue,"(106, 77, 151)","(51.76, -1.0, -14.0)",14.04,1,VISIBLE,16.82,-0.92
111,1,airplane,0.5895,324.95,169.87,1197.29,497.48,761.12,333.68,872.33,327.61,285785.49,2.66,Horizontal Oblong,Blue,"(106, 76, 152)","(52.55, -1.0, -14.0)",14.04,1,VISIBLE,-9.33,0.53
112,1,airplane,0.8388,288.97,169.05,1207.0,498.48,747.99,333.77,918.03,329.42,302422.01,2.79,Horizontal Oblong,Blue,"(106, 75, 153)","(52.94, -1.0, -15.0)",15.03,1,VISIBLE,-11.99,0.22
113,1,airplane,0.7081,273.9,167.36,1213.02,499.65,743.46,333.51,939.12,332.29,312060.02,2.83,Horizontal Oblong,Blue,"(106, 77, 152)","(52.55, -1.0, -15.0)",15.03,1,VISIBLE,-6.77,-0.12
114,1,airplane,0.7628,285.01,166.77,1209.06,501.05,747.04,333.91,924.05,334.28,308889.21,2.76,Horizontal Oblong,Blue,"(106, 77, 153)","(52.94, -1.0, -15.0)",15.03,1,VISIBLE,0.47,0.25
115,1,airplane,0.8087,317.51,165.92,1201.45,502.68,759.48,334.3,883.93,336.76,297673.68,2.62,Horizontal Oblong,Blue,"(106, 77, 152)","(52.16, -1.0, -15.0)",15.03,1,VISIBLE,8.85,0.35
116,1,airplane,0.8001,283.35,165.98,1211.26,504.56,747.31,335.27,927.92,338.57,314166.75,2.74,Horizontal Oblong,Blue,"(106, 77, 153)","(52.16, -1.0, -15.0)",15.03,1,VISIBLE,-5.87,0.78
117,1,airplane,0.7853,257.67,167.26,1219.27,505.96,738.47,336.61,961.6,338.7,325693.53,2.84,Horizontal Oblong,Blue,"(106, 77, 153)","(52.55, -1.0, -15.0)",15.03,1,VISIBLE,-7.94,1.17
118,1,airplane,0.8531,239.55,167.29,1211.2,507.33,725.38,337.31,971.65,340.04,330395.8,2.86,Horizontal Oblong,Blue,"(106, 77, 154)","(52.94, -1.0, -15.0)",15.03,1,VISIBLE,-11.55,0.84
119,1,airplane,0.8517,227.59,168.28,1210.47,508.96,719.03,338.62,982.88,340.68,334849.21,2.89,Horizontal Oblong,Blue,"(106, 76, 153)","(52.94, -1.0, -15.0)",15.03,1,VISIBLE,-7.91,1.17
120,1,airplane,0.8406,218.89,167.5,1214.41,510.74,716.65,339.12,995.52,343.23,341696.14,2.9,Horizontal Oblong,Blue,"(106, 76, 154)","(53.33, -1.0, -15.0)",15.03,1,VISIBLE,-4.04,0.7
121,1,airplane,0.7832,214.05,168.06,1205.8,512.68,709.93,340.37,991.74,344.62,341776.5,2.88,Horizontal Oblong,Blue,"(106, 76, 154)","(53.73, -1.0, -15.0)",15.03,1,VISIBLE,-5.92,1.09
122,1,airplane,0.7786,213.94,168.44,1217.21,515.05,715.57,341.75,1003.27,346.61,347738.66,2.89,Horizontal Oblong,Blue,"(106, 76, 155)","(53.73, -1.0, -15.0)",15.03,1,VISIBLE,2.18,1.29
123,1,airplane,0.7959,258.23,168.82,1212.85,517.39,735.54,343.11,954.62,348.56,332747.71,2.74,Horizontal Oblong,Blue,"(106, 76, 154)","(53.73, -1.0, -15.0)",15.03,1,VISIBLE,14.63,1.34
124,1,airplane,0.841,301.95,169.63,1207.15,519.93,754.55,344.78,905.2,350.3,317090.16,2.58,Horizontal Oblong,Blue,"(106, 76, 154)","(53.73, -1.0, -15.0)",15.03,1,VISIBLE,17.7,1.57
125,1,airplane,0.7506,271.52,171.42,1210.5,522.52,741.01,346.97,938.99,351.1,329678.3,2.67,Horizontal Oblong,Blue,"(106, 76, 154)","(53.73, -1.0, -15.0)",15.03,1,VISIBLE,-4.17,2.01
126,1,airplane,0.6514,264.0,172.11,1212.38,525.01,738.19,348.56,948.38,352.9,334683.5,2.69,Horizontal Oblong,Blue,"(106, 76, 155)","(54.12, -1.0, -15.0)",15.03,1,VISIBLE,-3.22,1.71
127,1,airplane,0.7977,236.77,171.94,1202.69,527.92,719.73,349.93,965.92,355.98,343848.11,2.71,Horizontal Oblong,Blue,"(106, 76, 155)","(54.12, -1.0, -15.0)",15.03,1,VISIBLE,-13.89,1.47
128,1,airplane,0.8292,216.6,171.97,1202.01,530.75,709.3,351.36,985.41,358.77,353538.79,2.75,Horizontal Oblong,Blue,"(106, 75, 155)","(54.12, -1.0, -15.0)",15.03,1,VISIBLE,-11.46,1.44
129,1,airplane,0.7795,203.6,171.43,1209.5,533.29,706.55,352.36,1005.9,361.86,363993.69,2.78,Horizontal Oblong,Blue,"(106, 76, 155)","(54.12, -1.0, -15.0)",15.03,1,VISIBLE,-5.37,1.13
130,1,airplane,0.755,229.94,172.21,1191.08,535.8,710.51,354.01,961.14,363.58,349453.52,2.64,Horizontal Oblong,Blue,"(106, 76, 156)","(54.51, -1.0, -15.0)",15.03,1,VISIBLE,1.16,1.49
131,1,airplane,0.7465,270.31,172.63,1172.53,538.08,721.42,355.36,902.21,365.44,329708.13,2.47,Horizontal Oblong,Blue,"(106, 76, 156)","(54.12, -1.0, -15.0)",15.03,1,VISIBLE,7.99,1.39
132,1,airplane,0.8148,300.0,172.85,1181.75,540.24,740.88,356.54,881.75,367.39,323944.65,2.4,Horizontal Oblong,Blue,"(106, 75, 156)","(54.12, -1.0, -15.0)",15.03,1,VISIBLE,16.01,1.25
133,1,airplane,0.833,317.95,174.34,1190.6,542.32,754.27,358.33,872.66,367.98,321123.55,2.37,Horizontal Oblong,Blue,"(106, 75, 155)","(54.12, -1.0, -15.0)",15.03,1,VISIBLE,14.18,1.62
134,1,airplane,0.8458,266.9,174.03,1201.66,544.67,734.28,359.35,934.76,370.63,346454.03,2.52,Horizontal Oblong,Blue,"(106, 75, 155)","(54.12, -1.0, -15.0)",15.03,1,VISIBLE,-9.74,1.2
135,1,airplane,0.8408,227.64,174.2,1193.68,546.92,710.66,360.56,966.04,372.72,360062.4,2.59,Horizontal Oblong,Blue,"(106, 74, 155)","(54.12, -1.0, -15.0)",15.03,1,VISIBLE,-19.46,1.21
136,1,airplane,0.8454,200.25,174.5,1192.27,549.2,696.26,361.85,992.01,374.69,371699.9,2.65,Horizontal Oblong,Blue,"(106, 73, 156)","(54.12, -1.0, -15.0)",15.03,1,VISIBLE,-15.92,1.27
137,1,airplane,0.8213,210.02,176.3,1207.28,551.88,708.65,364.09,997.26,375.58,374555.05,2.66,Horizontal Oblong,Blue,"(106, 72, 156)","(54.12, -1.0, -15.0)",15.03,1,VISIBLE,3.9,1.95
138,1,airplane,0.8334,245.1,176.74,1209.13,553.94,727.11,365.34,964.02,377.19,363622.86,2.56,Horizontal Oblong,Blue,"(106, 73, 155)","(54.12, -1.0, -15.0)",15.03,1,VISIBLE,14.09,1.46
139,1,airplane,0.7785,185.85,177.13,1191.85,555.72,688.85,366.43,1006.01,378.59,380864.21,2.66,Horizontal Oblong,Blue,"(106, 72, 156)","(54.51, -1.0, -15.0)",15.03,1,VISIBLE,-22.56,1.2
140,1,airplane,0.8446,175.05,176.92,1202.7,557.77,688.87,367.34,1027.65,380.85,391378.15,2.7,Horizontal Oblong,Blue,"(106, 72, 156)","(54.51, -1.0, -14.0)",14.04,1,VISIBLE,-6.75,1.0
141,1,airplane,0.8396,168.95,177.36,1204.02,559.54,686.48,368.45,1035.08,382.18,395589.89,2.71,Horizontal Oblong,Blue,"(106, 71, 156)","(54.51, -1.0, -14.0)",14.04,1,VISIBLE,-3.7,1.07
142,1,airplane,0.8101,199.27,177.23,1207.27,561.09,703.27,369.16,1008.0,383.85,386924.65,2.63,Horizontal Oblong,Blue,"(106, 72, 156)","(54.51, -1.0, -14.0)",14.04,1,VISIBLE,10.64,0.82
143,1,airplane,0.8011,208.43,177.41,1208.81,562.36,708.62,369.88,1000.38,384.95,385097.78,2.6,Horizontal Oblong,Blue,"(106, 71, 156)","(54.51, -1.0, -14.0)",14.04,1,VISIBLE,6.94,0.75
144,1,airplane,0.811,181.5,178.71,1210.6,563.68,696.05,371.19,1029.1,384.97,396170.78,2.67,Horizontal Oblong,Blue,"(106, 70, 156)","(54.51, -1.0, -14.0)",14.04,1,VISIBLE,-6.72,1.14
145,1,airplane,0.7924,174.23,179.33,1211.13,564.95,692.68,372.14,1036.91,385.62,399855.47,2.69,Horizontal Oblong,Blue,"(106, 71, 156)","(54.51, -1.0, -14.0)",14.04,1,VISIBLE,-4.37,1.0
146,1,airplane,0.8035,171.05,179.76,1213.26,566.29,692.15,373.02,1042.21,386.53,402842.5,2.7,Horizontal Oblong,Blue,"(106, 71, 156)","(54.51, -1.0, -14.0)",14.04,1,VISIBLE,-1.68,0.92
147,1,airplane,0.8381,219.22,180.12,1196.99,567.86,708.11,373.99,977.77,387.74,379120.11,2.52,Horizontal Oblong,Blue,"(106, 71, 156)","(54.51, -1.0, -14.0)",14.04,1,VISIBLE,10.66,0.95
148,1,airplane,0.8138,193.54,180.18,1179.24,569.11,686.39,374.64,985.71,388.93,383367.5,2.53,Horizontal Oblong,Blue,"(106, 70, 158)","(54.9, -1.0, -14.0)",14.04,1,VISIBLE,-12.0,0.74
149,1,airplane,0.762,177.23,180.33,1201.95,570.42,689.59,375.38,1024.73,390.09,399737.84,2.63,Horizontal Oblong,Blue,"(106, 71, 157)","(54.51, -1.0, -14.0)",14.04,1,VISIBLE,-1.36,0.73
150,1,airplane,0.8056,148.83,180.71,1207.99,571.33,678.41,376.02,1059.16,390.62,413731.81,2.71,Horizontal Oblong,Blue,"(107, 70, 156)","(54.51, -1.0, -14.0)",14.04,1,VISIBLE,-8.23,0.67
151,1,airplane,0.7675,131.73,181.14,1216.85,572.21,674.29,376.67,1085.12,391.07,424359.39,2.77,Horizontal Oblong,Blue,"(107, 70, 156)","(54.51, -1.0, -14.0)",14.04,1,VISIBLE,-5.35,0.66
152,1,airplane,0.8379,122.93,181.23,1220.35,573.38,671.64,377.3,1097.42,392.15,430355.28,2.8,Horizontal Oblong,Blue,"(107, 69, 157)","(54.9, -1.0, -13.0)",13.04,1,VISIBLE,-3.46,0.64
153,1,airplane,0.7885,114.22,181.79,1219.49,574.65,666.86,378.22,1105.27,392.86,434217.51,2.81,Horizontal Oblong,Blue,"(107, 69, 159)","(55.69, -1.0, -13.0)",13.04,1,VISIBLE,-4.39,0.83
154,1,airplane,0.7777,114.09,183.6,1214.57,575.81,664.33,379.7,1100.48,392.21,431620.17,2.81,Horizontal Oblong,Blue,"(106, 69, 159)","(55.29, -1.0, -13.0)",13.04,1,VISIBLE,-3.08,1.29
155,1,airplane,0.8643,114.3,184.73,1211.59,577.47,662.94,381.1,1097.28,392.74,430946.78,2.79,Horizontal Oblong,Blue,"(106, 69, 157)","(54.9, -1.0, -13.0)",13.04,1,VISIBLE,-1.89,1.36
156,1,airplane,0.8183,184.57,186.05,1209.62,579.06,697.1,382.55,1025.05,393.01,402852.54,2.61,Horizontal Oblong,Blue,"(106, 69, 157)","(54.9, -1.0, -13.0)",13.04,1,VISIBLE,23.34,1.43
157,1,airplane,0.7286,231.19,187.29,1211.64,580.8,721.41,384.04,980.45,393.5,385812.71,2.49,Horizontal Oblong,Blue,"(106, 69, 157)","(54.9, -1.0, -13.0)",13.04,1,VISIBLE,24.02,1.47
158,1,airplane,0.8409,261.23,187.24,1211.6,582.76,736.41,385.0,950.37,395.52,375895.34,2.4,Horizontal Oblong,Blue,"(106, 69, 157)","(54.9, -1.0, -13.0)",13.04,1,VISIBLE,17.71,1.11
159,1,airplane,0.8369,212.64,188.36,1210.6,584.98,711.62,386.67,997.95,396.62,395807.34,2.52,Horizontal Oblong,Blue,"(106, 69, 156)","(54.51, -1.0, -13.0)",13.04,1,VISIBLE,-12.04,1.5
160,1,airplane,0.8627,183.2,190.07,1210.15,587.77,696.67,388.92,1026.95,397.7,408417.98,2.58,Horizontal Oblong,Blue,"(106, 68, 158)","(55.29, -1.0, -13.0)",13.04,1,VISIBLE,-14.07,2.03
161,1,airplane,0.7706,160.39,191.78,1207.41,591.05,683.9,391.41,1047.02,399.27,418046.29,2.62,Horizontal Oblong,Blue,"(106, 69, 160)","(55.69, -1.0, -13.0)",13.04,1,VISIBLE,-13.16,2.35
162,1,airplane,0.8346,133.88,193.59,1205.8,594.01,669.84,393.8,1071.92,400.43,429225.37,2.68,Horizontal Oblong,Blue,"(106, 69, 160)","(56.47, -1.0, -13.0)",13.04,1,VISIBLE,-13.79,2.38
163,1,airplane,0.8554,124.42,194.6,1201.08,596.76,662.75,395.68,1076.66,402.16,432984.75,2.68,Horizontal Oblong,Blue,"(106, 68, 160)","(56.47, -1.0, -13.0)",13.04,1,VISIBLE,-9.1,2.03
164,1,airplane,0.7656,118.9,195.9,1216.85,599.21,667.88,397.55,1097.95,403.31,442817.87,2.72,Horizontal Oblong,Blue,"(106, 68, 160)","(56.86, -1.0, -13.0)",13.04,1,VISIBLE,0.86,1.92
165,1,airplane,0.7762,162.49,197.61,1213.22,601.53,687.86,399.57,1050.73,403.92,424410.56,2.6,Horizontal Oblong,Blue,"(106, 68, 159)","(55.69, -1.0, -13.0)",13.04,1,VISIBLE,14.24,1.99
166,1,airplane,0.8322,206.85,199.67,1211.39,603.33,709.12,401.5,1004.55,403.66,405492.59,2.49,Horizontal Oblong,Blue,"(106, 68, 158)","(55.29, -1.0, -13.0)",13.04,1,VISIBLE,19.16,1.95
167,1,airplane,0.8244,182.7,200.5,1210.79,605.03,696.74,402.76,1028.08,404.53,415895.61,2.54,Horizontal Oblong,Blue,"(106, 67, 158)","(55.69, -1.0, -13.0)",13.04,1,VISIBLE,-2.91,1.47
168,1,airplane,0.845,156.55,200.26,1209.54,606.65,683.04,403.45,1052.98,406.39,427920.56,2.59,Horizontal Oblong,Blue,"(106, 67, 159)","(56.47, -1.0, -13.0)",13.04,1,VISIBLE,-10.46,0.92
169,1,airplane,0.8148,137.72,199.81,1216.13,608.2,676.92,404.0,1078.41,408.39,440411.31,2.64,Horizontal Oblong,Blue,"(106, 67, 160)","(56.86, -1.0, -13.0)",13.04,1,VISIBLE,-7.42,0.66
170,1,airplane,0.8387,124.98,199.81,1221.63,609.37,673.31,404.59,1096.65,409.56,449141.36,2.68,Horizontal Oblong,Blue,"(106, 67, 159)","(56.47, -1.0, -13.0)",13.04,1,VISIBLE,-4.76,0.61
171,1,airplane,0.8188,124.5,200.66,1220.47,610.33,672.49,405.5,1095.96,409.67,448978.7,2.68,Horizontal Oblong,Blue,"(106, 67, 159)","(56.47, -1.0, -13.0)",13.04,1,VISIBLE,-2.0,0.82
172,1,airplane,0.7372,168.27,200.32,1218.94,611.28,693.61,405.8,1050.68,410.96,431789.94,2.56,Horizontal Oblong,Blue,"(106, 67, 160)","(56.86, -1.0, -13.0)",13.04,1,VISIBLE,14.18,0.46
173,1,airplane,0.6339,207.07,198.42,1223.63,611.77,715.35,405.09,1016.56,413.35,420197.92,2.46,Horizontal Oblong,Blue,"(106, 68, 158)","(55.69, -1.0, -13.0)",13.04,1,VISIBLE,19.48,-0.36
174,1,airplane,0.7014,230.08,196.36,1225.31,612.06,727.69,404.21,995.23,415.69,413710.22,2.39,Horizontal Oblong,Blue,"(106, 68, 157)","(54.9, -1.0, -13.0)",13.04,1,VISIBLE,14.48,-0.73
175,1,airplane,0.7497,191.28,193.42,1224.49,612.29,707.88,402.86,1033.2,418.87,432773.1,2.47,Horizontal Oblong,Blue,"(106, 67, 158)","(55.69, -1.0, -13.0)",13.04,1,VISIBLE,-9.52,-1.17
176,1,airplane,0.8525,163.1,191.73,1227.37,612.68,695.24,402.2,1064.28,420.95,448009.03,2.53,Horizontal Oblong,Blue,"(106, 67, 158)","(55.69, -1.0, -13.0)",13.04,1,VISIBLE,-11.71,-0.8
177,1,airplane,0.7457,141.81,188.54,1227.51,612.6,684.66,400.57,1085.7,424.06,460397.93,2.56,Horizontal Oblong,Blue,"(106, 69, 159)","(55.69, -1.0, -13.0)",13.04,1,VISIBLE,-10.92,-1.39
178,1,airplane,0.7719,130.09,187.71,1227.62,612.54,678.86,400.12,1097.53,424.83,466267.59,2.58,Horizontal Oblong,Blue,"(106, 67, 160)","(56.47, -1.0, -13.0)",13.04,1,VISIBLE,-7.34,-0.73
179,1,airplane,0.778,166.68,185.24,1227.1,612.33,696.89,398.78,1060.42,427.08,452886.69,2.48,Horizontal Oblong,Blue,"(106, 68, 158)","(55.29, -1.0, -13.0)",13.04,1,VISIBLE,10.42,-1.16
180,1,airplane,0.746,195.17,182.89,1229.79,611.98,712.48,397.43,1034.62,429.1,443952.57,2.41,Horizontal Oblong,Blue,"(106, 69, 157)","(54.9, -1.0, -13.0)",13.04,1,VISIBLE,14.04,-1.29
181,1,airplane,0.8332,207.92,179.74,1227.44,611.59,717.68,395.67,1019.53,431.85,440283.37,2.36,Horizontal Oblong,Blue,"(106, 69, 156)","(54.51, -1.0, -13.0)",13.04,1,VISIBLE,7.85,-1.63
182,1,airplane,0.82,216.93,176.28,1229.98,611.07,723.46,393.68,1013.05,434.79,440465.22,2.33,Horizontal Oblong,Blue,"(106, 69, 156)","(54.51, -1.0, -13.0)",13.04,1,VISIBLE,6.4,-1.88
183,1,airplane,0.8251,177.83,173.41,1231.92,610.5,704.88,391.95,1054.09,437.09,460729.23,2.41,Horizontal Oblong,Blue,"(106, 69, 158)","(55.29, -1.0, -13.0)",13.04,1,VISIBLE,-11.09,-1.77
184,1,airplane,0.8604,170.06,169.68,1234.98,610.02,702.52,389.85,1064.92,440.34,468930.42,2.42,Horizontal Oblong,Blue,"(106, 68, 159)","(55.29, -1.0, -13.0)",13.04,1,VISIBLE,-4.97,-2.0
185,1,airplane,0.8155,176.62,166.63,1233.52,609.46,705.07,388.04,1056.89,442.84,468032.79,2.39,Horizontal Oblong,Blue,"(106, 69, 157)","(54.51, -1.0, -13.0)",13.04,1,VISIBLE,0.29,-1.86
186,1,airplane,0.7689,143.85,164.19,1231.74,608.91,687.8,386.55,1087.89,444.72,483807.68,2.45,Horizontal Oblong,Blue,"(106, 69, 159)","(55.29, -1.0, -13.0)",13.04,1,VISIBLE,-12.0,-1.61
187,1,airplane,0.7621,121.27,162.16,1228.0,608.33,674.63,385.25,1106.73,446.17,493790.38,2.48,Horizontal Oblong,Blue,"(106, 69, 159)","(55.29, -1.0, -13.0)",13.04,1,VISIBLE,-12.81,-1.4
188,1,airplane,0.8032,121.77,157.4,1230.48,607.06,676.13,382.23,1108.7,449.65,498532.13,2.47,Horizontal Oblong,Blue,"(106, 70, 158)","(55.29, -1.0, -14.0)",14.04,1,VISIBLE,-2.8,-2.53
189,1,airplane,0.8647,163.2,152.63,1224.07,605.84,693.63,379.24,1060.87,453.21,480793.8,2.34,Horizontal Oblong,Blue,"(106, 71, 156)","(54.9, -1.0, -14.0)",14.04,1,VISIBLE,11.42,-2.86
190,1,airplane,0.8584,153.05,146.95,1225.36,604.65,689.2,375.8,1072.3,457.7,490797.21,2.34,Horizontal Oblong,Blue,"(106, 71, 159)","(55.29, -1.0, -14.0)",14.04,1,VISIBLE,0.32,-3.26
191,1,airplane,0.8741,112.83,141.28,1217.53,603.41,665.18,372.34,1104.7,462.12,510508.04,2.39,Horizontal Oblong,Blue,"(106, 72, 159)","(55.29, -1.0, -13.0)",13.04,1,VISIBLE,-16.72,-3.4
192,1,airplane,0.7954,96.89,135.78,1211.39,602.23,654.14,369.01,1114.5,466.45,519858.05,2.39,Horizontal Oblong,Blue,"(106, 71, 160)","(55.29, -1.0, -14.0)",14.04,1,VISIBLE,-12.74,-3.36
193,1,airplane,0.747,144.74,132.42,1208.93,601.08,676.84,366.75,1064.2,468.66,498740.4,2.27,Horizontal Oblong,Blue,"(106, 72, 159)","(55.29, -1.0, -15.0)",15.03,1,VISIBLE,12.06,-2.59
194,1,airplane,0.8325,105.29,127.03,1216.72,599.76,661.01,363.4,1111.43,472.73,525407.65,2.35,Horizontal Oblong,Blue,"(106, 73, 158)","(54.9, -1.0, -15.0)",15.03,1,VISIBLE,-7.46,-3.12
195,1,airplane,0.7696,87.96,122.38,1226.96,598.73,657.46,360.56,1139.01,476.35,542567.64,2.39,Horizontal Oblong,Blue,"(106, 72, 159)","(54.9, -1.0, -14.0)",14.04,1,VISIBLE,-4.72,-2.93
196,1,airplane,0.6651,114.92,115.82,1229.53,597.52,672.22,356.67,1114.6,481.69,536898.41,2.31,Horizontal Oblong,Blue,"(106, 74, 157)","(54.51, -1.0, -15.0)",15.03,1,VISIBLE,8.92,-3.6
197,1,airplane,0.797,151.24,111.99,1225.53,596.25,688.38,354.12,1074.29,484.26,520235.96,2.22,Horizontal Oblong,Blue,"(106, 74, 156)","(54.12, -1.0, -15.0)",15.03,1,VISIBLE,13.99,-2.86
198,1,airplane,0.8418,148.26,108.88,1225.57,595.13,686.92,352.01,1077.3,486.25,523841.25,2.22,Horizontal Oblong,Blue,"(106, 75, 158)","(54.51, -1.0, -15.0)",15.03,1,VISIBLE,3.17,-2.34
199,1,airplane,0.8394,105.73,103.8,1221.34,594.46,663.53,349.13,1115.62,490.66,547391.33,2.27,Horizontal Oblong,Blue,"(106, 74, 158)","(54.51, -1.0, -15.0)",15.03,1,VISIBLE,-15.42,-2.71
200,1,airplane,0.8822,77.1,100.46,1218.63,593.71,647.86,347.08,1141.53,493.25,563060.2,2.31,Horizontal Oblong,Blue,"(107, 72, 158)","(54.51, 0.0, -14.0)",14.0,1,VISIBLE,-15.59,-2.25
201,1,airplane,0.799,52.14,97.3,1216.95,592.56,634.55,344.93,1164.81,495.26,576884.85,2.35,Horizontal Oblong,Blue,"(106, 74, 159)","(54.51, -1.0, -15.0)",15.03,1,VISIBLE,-14.0,-2.18
202,1,airplane,0.785,39.84,91.59,1218.97,591.35,629.41,341.47,1179.12,499.76,589273.71,2.36,Horizontal Oblong,Blue,"(106, 75, 158)","(54.51, -1.0, -15.0)",15.03,1,VISIBLE,-7.8,-3.08
203,1,airplane,0.7267,27.83,84.86,1216.95,589.53,622.39,337.2,1189.12,504.68,600121.58,2.36,Horizontal Oblong,Blue,"(106, 77, 156)","(54.12, -1.0, -15.0)",15.03,1,VISIBLE,-7.25,-3.92
204,1,airplane,0.81,46.66,77.94,1215.47,587.97,631.07,332.96,1168.82,510.03,596133.02,2.29,Horizontal Oblong,Blue,"(106, 76, 158)","(54.51, -1.0, -15.0)",15.03,1,VISIBLE,3.9,-4.14
205,1,airplane,0.6855,110.25,73.11,1189.86,587.06,650.05,330.08,1079.61,513.94,554861.59,2.1,Horizontal Oblong,Blue,"(106, 75, 157)","(54.12, -1.0, -15.0)",15.03,1,VISIBLE,14.46,-3.25
206,1,airplane,0.8292,125.88,68.18,1204.21,586.29,665.04,327.24,1078.33,518.11,558692.83,2.08,Horizontal Oblong,Blue,"(106, 75, 156)","(53.73, -1.0, -15.0)",15.03,1,VISIBLE,14.83,-2.97
207,1,airplane,0.7831,112.03,62.7,1216.37,585.93,664.2,324.31,1104.33,523.23,577818.14,2.11,Horizontal Oblong,Blue,"(106, 74, 157)","(54.12, -1.0, -15.0)",15.03,1,VISIBLE,3.86,-2.94
208,1,airplane,0.8083,82.77,56.74,1211.45,585.76,647.11,321.25,1128.68,529.02,597093.51,2.13,Horizontal Oblong,Blue,"(106, 74, 157)","(54.12, -1.0, -15.0)",15.03,1,VISIBLE,-10.81,-3.03
209,1,airplane,0.7989,71.79,52.88,1221.11,585.72,646.45,319.3,1149.31,532.84,612402.33,2.16,Horizontal Oblong,Blue,"(106, 75, 156)","(54.12, -1.0, -15.0)",15.03,1,VISIBLE,-3.7,-2.27
210,1,airplane,0.7225,65.05,47.08,1206.94,585.35,635.99,316.22,1141.89,538.27,614646.48,2.12,Horizontal Oblong,Blue,"(106, 76, 157)","(54.12, -1.0, -15.0)",15.03,1,VISIBLE,-8.43,-2.84
211,1,airplane,0.7549,111.53,64.5,1195.89,585.82,653.71,325.16,1084.36,521.32,565299.71,2.08,Horizontal Oblong,Blue,"(106, 75, 157)","(54.51, -1.0, -15.0)",15.03,1,VISIBLE,9.87,5.41
212,1,airplane,0.7429,144.61,63.54,1164.06,586.8,654.33,325.17,1019.45,523.26,533439.83,1.95,Horizontal Oblong,Blue,"(106, 76, 156)","(53.73, -1.0, -15.0)",15.03,1,VISIBLE,3.4,1.63
213,1,airplane,0.8046,131.9,52.47,1166.61,587.44,649.26,319.96,1034.71,534.97,553537.84,1.93,Horizontal Oblong,Blue,"(106, 76, 154)","(52.94, -1.0, -15.0)",15.03,1,VISIBLE,-2.54,-3.16
214,1,airplane,0.8139,95.45,41.42,1169.93,589.02,632.69,315.22,1074.48,547.61,588391.1,1.96,Horizontal Oblong,Blue,"(106, 77, 156)","(53.33, -1.0, -15.0)",15.03,1,VISIBLE,-12.36,-4.26
215,1,airplane,0.7379,64.78,38.75,1172.86,590.48,618.82,314.62,1108.08,551.73,611361.6,2.01,Horizontal Oblong,Blue,"(106, 77, 156)","(53.33, -1.0, -15.0)",15.03,1,VISIBLE,-13.42,-1.7
216,1,airplane,0.8332,43.92,48.04,1175.91,590.87,609.92,319.46,1131.99,542.84,614483.42,2.09,Horizontal Oblong,Blue,"(106, 76, 157)","(54.12, -1.0, -15.0)",15.03,1,VISIBLE,-10.26,2.88
217,1,airplane,0.7631,31.82,49.03,1178.69,592.19,605.25,320.61,1146.86,543.16,622926.69,2.11,Horizontal Oblong,Blue,"(106, 76, 158)","(54.51, -1.0, -15.0)",15.03,1,VISIBLE,-6.34,1.67
218,1,airplane,0.8071,20.35,37.41,1178.43,593.62,599.39,315.51,1158.08,556.21,644141.17,2.08,Horizontal Oblong,Blue,"(106, 78, 158)","(54.51, -1.0, -15.0)",15.03,1,VISIBLE,-6.01,-3.06
219,1,airplane,0.8588,13.07,28.71,1175.0,594.55,594.03,311.63,1161.93,565.85,657475.56,2.05,Horizontal Oblong,Blue,"(106, 78, 157)","(54.12, -1.0, -15.0)",15.03,1,VISIBLE,-5.55,-3.64
220,1,airplane,0.799,40.17,16.93,1175.16,594.23,607.66,305.58,1134.99,577.3,655229.21,1.97,Horizontal Oblong,Blue,"(106, 78, 157)","(54.12, -1.0, -15.0)",15.03,1,VISIBLE,7.88,-5.33
221,1,airplane,0.6935,41.08,10.68,1175.31,595.29,608.19,302.99,1134.23,584.61,663089.44,1.94,Horizontal Oblong,Blue,"(106, 78, 156)","(53.33, -1.0, -16.0)",16.03,1,VISIBLE,2.73,-3.41
222,1,airplane,0.8146,28.4,8.7,1173.82,596.34,601.11,302.52,1145.42,587.63,673086.42,1.95,Horizontal Oblong,Blue,"(106, 78, 154)","(52.55, -1.0, -15.0)",15.03,1,VISIBLE,-4.14,-1.35
223,1,airplane,0.8631,24.08,6.66,1174.41,597.65,599.25,302.15,1150.33,590.99,679836.28,1.95,Horizontal Oblong,Blue,"(106, 78, 154)","(52.55, -1.0, -16.0)",16.03,1,VISIBLE,-2.55,-0.66
224,1,airplane,0.867,20.42,5.92,1176.31,598.89,598.36,302.41,1155.9,592.97,685411.11,1.95,Horizontal Oblong,Blue,"(106, 78, 154)","(52.55, -1.0, -16.0)",16.03,1,VISIBLE,-1.38,-0.02
225,1,airplane,0.8692,29.06,3.67,1173.64,599.08,601.35,301.38,1144.57,595.41,681485.62,1.92,Horizontal Oblong,Blue,"(106, 79, 155)","(52.94, -1.0, -16.0)",16.03,1,VISIBLE,1.68,-0.73
226,1,airplane,0.7784,27.18,2.36,1174.58,600.08,600.88,301.22,1147.4,597.72,685828.76,1.92,Horizontal Oblong,Blue,"(106, 79, 156)","(53.33, -1.0, -16.0)",16.03,1,VISIBLE,0.17,-0.33
227,1,airplane,0.8289,22.0,3.8,1173.29,600.52,597.64,302.16,1151.3,596.72,687004.05,1.93,Horizontal Oblong,Blue,"(106, 78, 156)","(52.94, -1.0, -16.0)",16.03,1,VISIBLE,-2.21,0.56
228,1,airplane,0.791,15.78,3.05,1172.97,601.07,594.38,302.06,1157.19,598.02,692024.25,1.94,Horizontal Oblong,Blue,"(106, 78, 155)","(52.55, -1.0, -16.0)",16.03,1,VISIBLE,-2.95,0.1
229,1,airplane,0.8059,12.02,4.42,1174.47,601.61,593.24,303.02,1162.45,597.19,694198.19,1.95,Horizontal Oblong,Blue,"(106, 79, 153)","(51.76, -1.0, -16.0)",16.03,1,VISIBLE,-1.68,0.7
230,1,airplane,0.787,10.74,3.83,1166.61,602.24,588.67,303.04,1155.87,598.41,691679.56,1.93,Horizontal Oblong,Blue,"(106, 79, 155)","(52.55, -1.0, -16.0)",16.03,1,VISIBLE,-3.7,0.22
231,1,airplane,0.7757,48.76,4.63,1168.67,602.46,608.71,303.54,1119.91,597.83,669513.65,1.87,Horizontal Oblong,Blue,"(106, 79, 156)","(52.94, -1.0, -16.0)",16.03,1,VISIBLE,12.92,0.42
232,1,airplane,0.8497,38.79,8.51,1168.84,602.58,603.81,305.55,1130.05,594.06,671319.79,1.9,Horizontal Oblong,Blue,"(106, 78, 158)","(54.12, -1.0, -16.0)",16.03,1,VISIBLE,0.45,1.53
233,1,airplane,0.8785,28.22,8.38,1170.32,603.04,599.27,305.71,1142.1,594.67,679167.3,1.92,Horizontal Oblong,Blue,"(106, 78, 158)","(54.51, -1.0, -16.0)",16.03,1,VISIBLE,-3.05,0.57
234,1,airplane,0.8413,16.39,12.52,1172.24,603.88,594.32,308.2,1155.85,591.35,683517.93,1.95,Horizontal Oblong,Blue,"(106, 79, 158)","(54.12, -1.0, -16.0)",16.03,1,VISIBLE,-4.38,1.92
235,1,airplane,0.8491,14.94,9.13,1172.72,604.57,593.83,306.85,1157.78,595.43,689380.96,1.94,Horizontal Oblong,Blue,"(106, 79, 158)","(54.12, -1.0, -16.0)",16.03,1,VISIBLE,-1.65,-0.37
236,1,airplane,0.8415,13.53,7.09,1173.54,605.14,593.53,306.11,1160.02,598.05,693745.95,1.94,Horizontal Oblong,Blue,"(106, 79, 158)","(54.12, -1.0, -16.0)",16.03,1,VISIBLE,-0.7,-0.63
237,1,airplane,0.769,15.78,5.36,1171.95,605.59,593.86,305.47,1156.17,600.23,693967.4,1.93,Horizontal Oblong,Blue,"(106, 79, 156)","(53.33, -1.0, -16.0)",16.03,1,VISIBLE,0.02,-0.64
238,1,airplane,0.8622,13.38,3.51,1172.0,605.96,592.69,304.74,1158.61,602.45,698006.69,1.92,Horizontal Oblong,Blue,"(106, 79, 155)","(52.16, -1.0, -15.0)",15.03,1,VISIBLE,-0.82,-0.71
239,1,airplane,0.8492,10.3,4.12,1169.0,606.89,589.65,305.5,1158.69,602.77,698426.52,1.92,Horizontal Oblong,Blue,"(106, 78, 156)","(52.94, -1.0, -15.0)",15.03,1,VISIBLE,-2.37,0.33
240,1,airplane,0.8368,6.19,4.62,1166.05,607.87,586.12,306.25,1159.86,603.25,699688.05,1.92,Horizontal Oblong,Blue,"(106, 79, 156)","(52.94, -1.0, -15.0)",15.03,1,VISIBLE,-3.18,0.62
241,1,airplane,0.8621,4.68,11.63,1161.52,608.87,583.1,310.25,1156.84,597.24,690913.45,1.94,Horizontal Oblong,Blue,"(106, 80, 158)","(54.12, -1.0, -16.0)",16.03,1,VISIBLE,-3.07,2.99
