event_id,object_class,original_track_id,last_visible_frame,first_reappeared_frame,missing_duration,new_track_id,event_type,reidentified,confidence_score,spatial_distance_norm
1,person,1,53,70.0,16,1.0,SUCCESSFUL_REIDENTIFICATION,True,1.0,0.0
2,person,2,53,57.0,3,2.0,SUCCESSFUL_REIDENTIFICATION,True,1.0,0.0
3,person,2,72,102.0,29,2.0,SUCCESSFUL_REIDENTIFICATION,True,1.0,0.0
4,person,2,114,123.0,8,2.0,SUCCESSFUL_REIDENTIFICATION,True,1.0,0.0
5,person,3,37,50.0,12,3.0,SUCCESSFUL_REIDENTIFICATION,True,1.0,0.0
6,person,4,53,76.0,22,4.0,SUCCESSFUL_REIDENTIFICATION,True,1.0,0.0
7,person,4,78,94.0,15,4.0,SUCCESSFUL_REIDENTIFICATION,True,1.0,0.0
8,person,8,86,94.0,7,8.0,SUCCESSFUL_REIDENTIFICATION,True,1.0,0.0
9,cup,16,96,107.0,10,16.0,SUCCESSFUL_REIDENTIFICATION,True,1.0,0.0
10,person,6,60,,90,,DISAPPEARANCE_WITHOUT_RECOVERY,False,0.0,
11,car,14,98,,52,,DISAPPEARANCE_WITHOUT_RECOVERY,False,0.0,
12,bowl,17,100,,50,,DISAPPEARANCE_WITHOUT_RECOVERY,False,0.0,
13,handbag,21,121,,29,,DISAPPEARANCE_WITHOUT_RECOVERY,False,0.0,
