frame,master_track_id,class_name,state,frames_visible,frames_occluded,confidence_decay,centroid_x,centroid_y,velocity_x,velocity_y,color,area
31,1,box,VISIBLE,1,0,0.3148,167.94,303.04,0.0,0.0,Orange,118102.09
32,1,box,VISIBLE,2,0,0.3098,167.94,303.02,0.0,-0.02,Orange,118121.73
33,1,box,VISIBLE,3,0,0.2844,167.95,302.93,0.01,-0.07,Orange,118177.16
34,1,box,VISIBLE,4,0,0.2844,167.95,302.89,0.0,-0.05,Orange,118199.52
35,1,box,VISIBLE,5,0,0.2844,167.95,302.85,0.0,-0.04,Orange,118221.88
36,1,box,VISIBLE,6,0,0.2817,168.01,302.97,0.04,0.07,Orange,118172.05
37,1,box,VISIBLE,7,0,0.2817,168.04,302.98,0.03,0.03,Orange,118170.05
38,1,box,VISIBLE,8,0,0.2817,168.06,303.0,0.02,0.02,Orange,118168.05
39,1,box,VISIBLE,9,0,0.2826,168.06,303.07,0.01,0.06,Orange,118120.03
40,1,box,VISIBLE,10,0,0.2811,168.06,303.12,0.0,0.05,Orange,118092.22
41,1,box,VISIBLE,11,0,0.2811,168.08,303.16,0.01,0.04,Orange,118072.67
41,2,airplane,VISIBLE,1,0,0.2917,238.02,94.7,0.0,0.0,Orange,90161.97
42,1,box,VISIBLE,12,0,0.2882,168.07,303.17,-0.0,0.02,Orange,118062.34
42,2,airplane,VISIBLE,2,0,0.3032,238.02,94.61,0.0,-0.09,Orange,90080.42
43,1,box,VISIBLE,13,0,0.2826,168.07,303.12,0.0,-0.02,Orange,118099.5
43,2,airplane,VISIBLE,3,0,0.298,238.0,94.4,-0.01,-0.18,Orange,89869.55
44,1,box,VISIBLE,14,0,0.2936,168.06,303.09,-0.01,-0.03,Orange,118119.72
44,2,airplane,VISIBLE,4,0,0.298,238.0,94.33,-0.01,-0.11,Orange,89799.88
45,1,box,VISIBLE,15,0,0.2853,168.06,303.06,-0.01,-0.03,Orange,118138.18
45,2,airplane,VISIBLE,5,0,0.298,238.0,94.19,-0.01,-0.12,Orange,89670.73
46,1,box,VISIBLE,16,0,0.2897,168.05,303.03,-0.01,-0.03,Orange,118160.9
46,2,airplane,VISIBLE,6,0,0.2848,237.99,94.05,-0.01,-0.14,Orange,89529.94
47,1,box,VISIBLE,17,0,0.2956,168.05,303.02,-0.0,-0.02,Orange,118168.46
47,2,airplane,VISIBLE,7,0,0.2815,238.0,93.92,0.0,-0.13,Orange,89412.1
48,1,box,VISIBLE,18,0,0.2972,168.06,303.01,0.01,-0.01,Orange,118178.38
48,2,airplane,VISIBLE,8,0,0.2868,238.0,93.82,0.0,-0.11,Orange,89315.82
49,1,box,VISIBLE,19,0,0.2972,168.07,303.0,0.01,-0.01,Orange,118188.68
49,2,airplane,VISIBLE,9,0,0.2868,237.99,93.72,-0.0,-0.11,Orange,89211.56
50,1,box,VISIBLE,20,0,0.2854,168.11,302.88,0.03,-0.08,Orange,118319.33
50,2,airplane,VISIBLE,10,0,0.2868,237.99,93.61,-0.0,-0.11,Orange,89107.3
51,1,box,VISIBLE,21,0,0.2917,168.14,302.75,0.03,-0.12,Orange,118450.73
51,2,airplane,VISIBLE,11,0,0.2868,237.99,93.5,-0.0,-0.11,Orange,89003.04
52,1,box,VISIBLE,22,0,0.3033,168.15,302.77,0.02,-0.02,Orange,118449.63
52,2,airplane,VISIBLE,12,0,0.2868,237.99,93.39,-0.0,-0.11,Orange,88898.78
53,1,box,VISIBLE,23,0,0.3064,168.18,302.73,0.03,-0.04,Orange,118510.27
53,2,airplane,VISIBLE,13,0,0.2868,237.99,93.28,-0.0,-0.11,Orange,88794.53
54,1,box,VISIBLE,24,0,0.3018,168.26,302.67,0.06,-0.05,Orange,118610.44
54,2,airplane,OCCLUDED,13,1,0.989,237.98,93.17,-0.0,-0.11,Orange,88794.53
55,1,box,VISIBLE,25,0,0.3018,168.29,302.62,0.04,-0.05,Orange,118674.87
55,2,airplane,OCCLUDED,13,2,0.978,237.98,93.06,-0.0,-0.11,Orange,88794.53
56,1,box,VISIBLE,26,0,0.3018,168.33,302.57,0.04,-0.05,Orange,118739.31
56,2,airplane,OCCLUDED,13,3,0.967,237.98,92.95,-0.0,-0.11,Orange,88794.53
57,1,box,VISIBLE,27,0,0.3018,168.36,302.52,0.04,-0.05,Orange,118803.77
57,2,airplane,OCCLUDED,13,4,0.956,237.98,92.84,-0.0,-0.11,Orange,88794.53
58,1,box,VISIBLE,28,0,0.3018,168.4,302.48,0.04,-0.05,Orange,118868.24
58,2,airplane,OCCLUDED,13,5,0.944,237.98,92.73,-0.0,-0.11,Orange,88794.53
59,1,box,VISIBLE,29,0,0.3018,168.44,302.43,0.04,-0.05,Orange,118932.73
59,2,airplane,OCCLUDED,13,6,0.933,237.98,92.62,-0.0,-0.11,Orange,88794.53
60,1,box,OCCLUDED,29,1,0.989,168.47,302.38,0.04,-0.05,Orange,118932.73
60,2,airplane,OCCLUDED,13,7,0.922,237.98,92.51,-0.0,-0.11,Orange,88794.53
61,1,box,OCCLUDED,29,2,0.978,168.51,302.33,0.04,-0.05,Orange,118932.73
61,2,airplane,OCCLUDED,13,8,0.911,237.98,92.4,-0.0,-0.11,Orange,88794.53
62,1,box,OCCLUDED,29,3,0.967,168.54,302.28,0.04,-0.05,Orange,118932.73
62,2,airplane,OCCLUDED,13,9,0.9,237.98,92.29,-0.0,-0.11,Orange,88794.53
63,1,box,OCCLUDED,29,4,0.956,168.58,302.23,0.04,-0.05,Orange,118932.73
63,2,airplane,OCCLUDED,13,10,0.889,237.97,92.18,-0.0,-0.11,Orange,88794.53
64,1,box,OCCLUDED,29,5,0.944,168.62,302.19,0.04,-0.05,Orange,118932.73
64,2,airplane,OCCLUDED,13,11,0.878,237.97,92.07,-0.0,-0.11,Orange,88794.53
65,1,box,OCCLUDED,29,6,0.933,168.65,302.14,0.04,-0.05,Orange,118932.73
65,2,airplane,OCCLUDED,13,12,0.867,237.97,91.96,-0.0,-0.11,Orange,88794.53
66,1,box,OCCLUDED,29,7,0.922,168.69,302.09,0.04,-0.05,Orange,118932.73
66,2,airplane,OCCLUDED,13,13,0.856,237.97,91.85,-0.0,-0.11,Orange,88794.53
67,1,box,OCCLUDED,29,8,0.911,168.72,302.04,0.04,-0.05,Orange,118932.73
67,2,airplane,OCCLUDED,13,14,0.844,237.97,91.74,-0.0,-0.11,Orange,88794.53
68,1,box,OCCLUDED,29,9,0.9,168.76,301.99,0.04,-0.05,Orange,118932.73
68,2,airplane,OCCLUDED,13,15,0.833,237.97,91.63,-0.0,-0.11,Orange,88794.53
69,1,box,OCCLUDED,29,10,0.889,168.8,301.94,0.04,-0.05,Orange,118932.73
69,2,airplane,OCCLUDED,13,16,0.822,237.97,91.52,-0.0,-0.11,Orange,88794.53
69,3,cat,VISIBLE,1,0,0.6178,855.27,332.48,0.0,0.0,Orange,83313.44
70,1,box,OCCLUDED,29,11,0.878,168.83,301.89,0.04,-0.05,Orange,118932.73
70,2,airplane,OCCLUDED,13,17,0.811,237.97,91.41,-0.0,-0.11,Orange,88794.53
70,3,cat,VISIBLE,2,0,0.6178,854.86,332.53,-0.41,0.06,Orange,83538.29
71,1,box,VISIBLE,30,0,0.2837,168.34,302.61,0.01,-0.0,Orange,118574.69
71,2,airplane,OCCLUDED,13,18,0.8,237.97,91.3,-0.0,-0.11,Orange,88794.53
71,3,cat,VISIBLE,3,0,0.6396,847.33,332.53,-5.39,0.02,Orange,87200.38
72,1,box,VISIBLE,31,0,0.2827,168.33,302.62,-0.01,0.0,Orange,118564.58
72,2,airplane,OCCLUDED,13,19,0.789,237.96,91.19,-0.0,-0.11,Orange,88794.53
72,3,cat,VISIBLE,4,0,0.4556,839.75,331.71,-6.93,-0.58,Orange,90084.34
73,1,box,VISIBLE,32,0,0.2827,168.33,302.61,0.0,-0.0,Orange,118560.4
73,2,airplane,OCCLUDED,13,20,0.778,237.96,91.08,-0.0,-0.11,Orange,88794.53
73,3,dog,VISIBLE,5,0,0.3273,832.7,331.73,-7.01,-0.16,Orange,94477.98
74,1,box,VISIBLE,33,0,0.2886,168.35,302.54,0.01,-0.05,Orange,118627.21
74,2,airplane,OCCLUDED,13,21,0.767,237.96,90.97,-0.0,-0.11,Orange,88794.53
74,3,cat,VISIBLE,6,0,0.5518,825.13,329.97,-7.4,-1.28,Orange,96588.62
75,1,box,VISIBLE,34,0,0.2956,168.3,302.45,-0.03,-0.08,Orange,118640.56
75,2,airplane,OCCLUDED,13,22,0.756,237.96,90.86,-0.0,-0.11,Orange,88794.53
75,3,cat,VISIBLE,7,0,0.5112,818.22,328.67,-7.06,-1.29,Orange,99410.76
76,1,box,VISIBLE,35,0,0.291,168.27,302.4,-0.03,-0.06,Orange,118639.81
76,2,airplane,OCCLUDED,13,23,0.744,237.96,90.75,-0.0,-0.11,Orange,88794.53
76,3,tiger,VISIBLE,8,0,0.4256,800.41,327.25,-14.58,-1.38,Orange,95207.3
77,1,box,VISIBLE,36,0,0.286,168.26,302.38,-0.02,-0.03,Orange,118651.07
77,2,airplane,OCCLUDED,13,24,0.733,237.96,90.64,-0.0,-0.11,Orange,88794.53
77,3,cat,VISIBLE,9,0,0.522,800.38,326.04,-4.4,-1.26,Orange,100167.92
78,1,box,VISIBLE,37,0,0.2808,168.23,302.37,-0.03,-0.02,Orange,118613.48
78,2,airplane,OCCLUDED,13,25,0.722,237.96,90.53,-0.0,-0.11,Orange,88794.53
78,3,cat,VISIBLE,10,0,0.4521,799.91,324.79,-1.65,-1.26,Orange,104135.96
79,1,box,VISIBLE,38,0,0.296,168.18,302.45,-0.04,0.05,Orange,118507.06
79,2,airplane,OCCLUDED,13,26,0.711,237.96,90.42,-0.0,-0.11,Orange,88794.53
79,3,cat,VISIBLE,11,0,0.646,798.85,323.17,-1.24,-1.51,Orange,109182.21
80,1,box,VISIBLE,39,0,0.3039,168.12,302.5,-0.06,0.05,Orange,118419.26
80,2,airplane,OCCLUDED,13,27,0.7,237.96,90.31,-0.0,-0.11,Orange,88794.53
80,3,cat,VISIBLE,12,0,0.721,797.01,322.0,-1.66,-1.28,Orange,114153.5
81,1,box,VISIBLE,40,0,0.3173,168.08,302.61,-0.05,0.09,Orange,118306.96
81,2,airplane,OCCLUDED,13,28,0.689,237.95,90.2,-0.0,-0.11,Orange,88794.53
81,3,cat,VISIBLE,13,0,0.666,793.83,320.59,-2.73,-1.37,Orange,119057.11
82,1,box,VISIBLE,41,0,0.312,168.05,302.64,-0.03,0.05,Orange,118258.81
82,2,airplane,OCCLUDED,13,29,0.678,237.95,90.09,-0.0,-0.11,Orange,88794.53
82,3,cat,VISIBLE,14,0,0.543,791.22,319.0,-2.64,-1.52,Orange,122874.12
83,1,box,VISIBLE,42,0,0.2911,168.05,302.72,-0.01,0.07,Orange,118203.97
83,2,airplane,OCCLUDED,13,30,0.667,237.95,89.98,-0.0,-0.11,Orange,88794.53
83,3,cat,VISIBLE,15,0,0.6111,787.92,318.26,-3.1,-0.98,Orange,126976.75
84,1,box,VISIBLE,43,0,0.3115,168.01,302.79,-0.03,0.07,Orange,118115.5
84,2,airplane,OCCLUDED,13,31,0.656,237.95,89.87,-0.0,-0.11,Orange,88794.53
84,3,cat,VISIBLE,16,0,0.561,784.46,316.93,-3.35,-1.22,Orange,130955.02
85,1,box,VISIBLE,44,0,0.3209,167.98,302.88,-0.03,0.08,Orange,118030.28
85,2,airplane,OCCLUDED,13,32,0.644,237.95,89.76,-0.0,-0.11,Orange,88794.53
85,3,cat,VISIBLE,17,0,0.6689,780.53,314.87,-3.75,-1.81,Orange,133923.85
86,1,box,VISIBLE,45,0,0.3978,167.97,302.71,-0.02,-0.09,Orange,118117.25
86,2,airplane,OCCLUDED,13,33,0.633,237.95,89.65,-0.0,-0.11,Orange,88794.53
86,3,cat,VISIBLE,18,0,0.5615,776.85,312.05,-3.71,-2.52,Orange,136813.61
87,1,box,VISIBLE,46,0,0.4202,167.94,302.64,-0.02,-0.08,Orange,118155.4
87,2,airplane,OCCLUDED,13,34,0.622,237.95,89.54,-0.0,-0.11,Orange,88794.53
87,3,cat,VISIBLE,19,0,0.6108,773.09,308.51,-3.75,-3.23,Orange,139314.37
88,1,box,VISIBLE,47,0,0.4194,167.95,302.52,0.0,-0.1,Orange,118254.19
88,2,airplane,OCCLUDED,13,35,0.611,237.95,89.43,-0.0,-0.11,Orange,88794.53
88,3,cat,VISIBLE,20,0,0.576,769.41,303.98,-3.69,-4.14,Orange,139740.32
89,1,box,VISIBLE,48,0,0.4528,167.97,302.76,0.01,0.14,Orange,118100.37
89,2,airplane,OCCLUDED,13,36,0.6,237.95,89.32,-0.0,-0.11,Orange,88794.53
89,3,dog,VISIBLE,21,0,0.6353,764.76,299.59,-4.36,-4.32,Orange,140163.12
90,1,box,VISIBLE,49,0,0.4583,168.0,302.99,0.03,0.2,Orange,118005.1
90,2,airplane,OCCLUDED,13,37,0.589,237.95,89.21,-0.0,-0.11,Orange,88794.53
90,3,cat,VISIBLE,22,0,0.564,761.18,295.41,-3.82,-4.21,Orange,139512.21
91,1,box,VISIBLE,50,0,0.4155,168.0,303.1,0.0,0.14,Orange,117934.61
91,2,airplane,OCCLUDED,13,38,0.578,237.94,89.1,-0.0,-0.11,Orange,88794.53
91,3,cat,VISIBLE,23,0,0.6748,759.88,291.11,-2.06,-4.28,Orange,140171.49
92,1,box,VISIBLE,51,0,0.4173,168.01,303.14,0.01,0.07,Orange,117929.45
92,2,airplane,OCCLUDED,13,39,0.567,237.94,88.99,-0.0,-0.11,Orange,88794.53
92,3,cat,VISIBLE,24,0,0.6975,758.81,288.84,-1.37,-2.87,Orange,142939.59
93,1,box,VISIBLE,52,0,0.4421,168.05,303.18,0.03,0.05,Orange,117935.75
93,2,airplane,OCCLUDED,13,40,0.556,237.94,88.88,-0.0,-0.11,Orange,88794.53
93,3,cat,VISIBLE,25,0,0.6641,758.54,284.51,-0.6,-3.89,Orange,144717.2
94,1,box,VISIBLE,53,0,0.4421,168.11,303.02,0.05,-0.1,Orange,118092.06
94,2,airplane,OCCLUDED,13,41,0.544,237.94,88.77,-0.0,-0.11,Orange,88794.53
94,3,cat,VISIBLE,26,0,0.5195,746.9,279.65,-8.33,-4.57,Orange,137700.75
95,1,box,VISIBLE,54,0,0.4729,168.18,302.83,0.06,-0.16,Orange,118254.98
95,2,airplane,OCCLUDED,13,42,0.533,237.94,88.66,-0.0,-0.11,Orange,88794.53
95,3,cat,VISIBLE,27,0,0.6997,749.48,275.6,-0.69,-4.21,Orange,139443.36
96,1,box,VISIBLE,55,0,0.4927,168.21,302.69,0.04,-0.14,Orange,118355.82
96,2,airplane,OCCLUDED,13,43,0.522,237.94,88.55,-0.0,-0.11,Orange,88794.53
96,3,cat,VISIBLE,28,0,0.5938,750.63,273.36,0.6,-2.83,Orange,140364.65
97,1,box,VISIBLE,56,0,0.4835,168.22,302.61,0.02,-0.1,Orange,118411.27
97,2,airplane,OCCLUDED,13,44,0.511,237.94,88.44,-0.0,-0.11,Orange,88794.53
97,3,tiger,VISIBLE,29,0,0.6179,751.75,273.04,0.96,-1.08,Orange,142723.62
98,1,box,VISIBLE,57,0,0.4943,168.19,302.62,-0.02,-0.02,Orange,118369.53
98,2,airplane,OCCLUDED,13,45,0.5,237.94,88.33,-0.0,-0.11,Orange,88794.53
98,3,cat,VISIBLE,30,0,0.497,752.19,272.61,0.6,-0.62,Orange,144014.36
99,1,box,VISIBLE,58,0,0.5316,168.12,302.63,-0.05,0.0,Orange,118307.17
99,2,airplane,OCCLUDED,13,46,0.489,237.94,88.22,-0.0,-0.11,Orange,88794.53
99,3,cat,VISIBLE,31,0,0.4229,751.25,273.23,-0.48,0.25,Orange,146304.17
100,1,box,VISIBLE,59,0,0.4729,168.06,302.64,-0.05,0.01,Orange,118260.66
100,2,airplane,OCCLUDED,13,47,0.478,237.93,88.11,-0.0,-0.11,Orange,88794.53
100,3,cat,VISIBLE,32,0,0.6058,723.05,272.5,-19.88,-0.44,Orange,130213.13
101,1,box,VISIBLE,60,0,0.4634,167.99,302.67,-0.07,0.02,Orange,118180.31
101,2,airplane,OCCLUDED,13,48,0.467,237.93,88.0,-0.0,-0.11,Orange,88794.53
101,3,cat,VISIBLE,33,0,0.7073,701.54,271.06,-21.03,-1.14,Orange,118459.77
102,1,box,VISIBLE,61,0,0.4499,167.93,302.72,-0.06,0.04,Orange,118040.7
102,2,airplane,OCCLUDED,13,49,0.456,237.93,87.89,-0.0,-0.11,Orange,88794.53
102,3,cat,VISIBLE,34,0,0.589,684.97,269.89,-17.91,-1.16,Orange,110059.93
103,1,box,VISIBLE,62,0,0.4071,167.91,302.61,-0.03,-0.07,Orange,118059.87
103,2,airplane,OCCLUDED,13,50,0.444,237.93,87.78,-0.0,-0.11,Orange,88794.53
103,3,cat,VISIBLE,35,0,0.5984,705.06,268.98,8.69,-0.98,Orange,123749.18
104,1,box,VISIBLE,63,0,0.3447,167.88,302.48,-0.03,-0.11,Orange,118105.53
104,2,airplane,OCCLUDED,13,51,0.433,237.93,87.67,-0.0,-0.11,Orange,88794.53
104,3,cat,VISIBLE,36,0,0.5135,717.0,268.06,10.96,-0.94,Orange,132124.26
105,1,box,VISIBLE,64,0,0.3731,167.92,302.46,0.02,-0.05,Orange,118141.52
105,2,airplane,OCCLUDED,13,52,0.422,237.93,87.56,-0.0,-0.11,Orange,88794.53
105,3,cat,VISIBLE,37,0,0.3704,697.49,267.41,-10.36,-0.73,Orange,122148.98
106,1,box,VISIBLE,65,0,0.3531,168.03,302.44,0.08,-0.03,Orange,118210.66
106,2,airplane,OCCLUDED,13,53,0.411,237.93,87.45,-0.0,-0.11,Orange,88794.53
106,3,cat,VISIBLE,38,0,0.4083,642.53,266.31,-41.58,-0.99,Orange,89580.66
106,5,desk,VISIBLE,1,0,0.3407,905.8,203.54,0.0,0.0,Red,70186.53
107,1,box,VISIBLE,66,0,0.4146,168.14,302.45,0.1,0.0,Orange,118254.24
107,2,airplane,OCCLUDED,13,54,0.4,237.93,87.34,-0.0,-0.11,Orange,88794.53
107,3,cat,VISIBLE,39,0,0.5747,656.09,265.75,-2.99,-0.69,Orange,101523.37
107,5,desk,VISIBLE,2,0,0.3759,903.59,203.15,-2.21,-0.4,Red,71840.27
108,1,box,VISIBLE,67,0,0.4481,168.33,302.49,0.16,0.03,Orange,118367.28
108,2,airplane,OCCLUDED,13,55,0.389,237.93,87.23,-0.0,-0.11,Orange,88794.53
108,3,cat,VISIBLE,40,0,0.6676,673.21,264.84,11.09,-0.84,Orange,116068.7
108,5,desk,VISIBLE,3,0,0.3374,900.64,201.88,-2.72,-1.01,Red,73764.77
109,1,box,VISIBLE,68,0,0.4591,168.55,302.56,0.2,0.05,Orange,118459.91
109,2,airplane,OCCLUDED,13,56,0.378,237.92,87.12,-0.0,-0.11,Orange,88794.53
109,3,cat,VISIBLE,41,0,0.7791,681.52,263.6,9.15,-1.12,Orange,125132.73
109,5,desk,VISIBLE,4,0,0.3494,898.37,198.53,-2.41,-2.64,Red,74360.07
110,1,box,VISIBLE,69,0,0.4739,168.79,302.62,0.23,0.07,Orange,118570.63
110,2,airplane,OCCLUDED,13,57,0.367,237.92,87.01,-0.0,-0.11,Orange,88794.53
110,3,cat,VISIBLE,42,0,0.6397,685.39,262.79,5.45,-0.9,Orange,131672.62
110,5,desk,VISIBLE,5,0,0.338,897.72,186.16,-1.18,-9.45,Red,70202.82
111,1,box,VISIBLE,70,0,0.4619,169.01,302.64,0.23,0.03,Orange,118729.73
111,2,airplane,OCCLUDED,13,58,0.356,237.92,86.9,-0.0,-0.11,Orange,88794.53
111,3,cat,VISIBLE,43,0,0.7564,683.91,262.27,0.6,-0.63,Orange,134634.86
111,5,desk,VISIBLE,6,0,0.4127,898.56,175.19,0.23,-10.52,Red,65468.48
112,1,box,VISIBLE,71,0,0.4671,169.13,302.7,0.15,0.05,Orange,118791.81
112,2,airplane,OCCLUDED,13,59,0.344,237.92,86.79,-0.0,-0.11,Orange,88794.53
112,3,cat,VISIBLE,44,0,0.6944,678.52,261.74,-3.59,-0.56,Orange,135362.52
112,5,desk,VISIBLE,7,0,0.376,899.48,168.7,0.71,-7.69,Red,62417.96
113,1,box,VISIBLE,72,0,0.4534,169.21,302.74,0.1,0.04,Orange,118847.07
113,2,airplane,OCCLUDED,13,60,0.333,237.92,86.68,-0.0,-0.11,Orange,88794.53
113,3,cat,VISIBLE,45,0,0.7172,671.01,261.16,-6.33,-0.58,Orange,133949.34
113,5,desk,VISIBLE,8,0,0.4525,900.05,165.42,0.62,-4.61,Red,60816.32
114,1,box,VISIBLE,73,0,0.4599,169.16,302.78,-0.0,0.04,Orange,118798.22
114,2,airplane,OCCLUDED,13,61,0.322,237.92,86.57,-0.0,-0.11,Orange,88794.53
114,3,cat,VISIBLE,46,0,0.7315,662.5,260.76,-7.86,-0.45,Orange,132418.77
114,5,desk,VISIBLE,9,0,0.4833,900.52,163.75,0.51,-2.55,Red,59886.46
115,1,box,VISIBLE,74,0,0.4321,169.12,302.81,-0.03,0.03,Orange,118770.42
115,2,airplane,OCCLUDED,13,62,0.311,237.92,86.46,-0.0,-0.11,Orange,88794.53
115,3,cat,VISIBLE,47,0,0.7111,654.81,260.84,-7.74,-0.08,Red,130163.95
115,5,desk,VISIBLE,10,0,0.4745,900.87,163.46,0.4,-0.97,Red,59554.49
116,1,box,VISIBLE,75,0,0.4206,169.09,302.85,-0.03,0.03,Orange,118743.36
116,2,airplane,OCCLUDED,13,63,0.3,237.92,86.35,-0.0,-0.11,Orange,88794.53
116,3,cat,VISIBLE,48,0,0.6886,646.5,262.0,-8.15,0.79,Orange,128739.2
116,5,desk,VISIBLE,11,0,0.4817,901.13,163.72,0.3,-0.11,Red,59475.17
117,1,box,VISIBLE,76,0,0.4423,169.09,302.88,-0.02,0.03,Orange,118723.43
117,2,airplane,OCCLUDED,13,64,0.289,237.92,86.24,-0.0,-0.11,Orange,88794.53
117,3,cat,VISIBLE,49,0,0.7067,639.63,263.29,-7.25,1.14,Orange,126292.1
117,5,desk,VISIBLE,12,0,0.4659,901.38,164.37,0.27,0.43,Red,59551.39
118,1,box,VISIBLE,77,0,0.4022,168.96,302.74,-0.09,-0.09,Orange,118764.2
118,2,airplane,OCCLUDED,13,65,0.278,237.91,86.13,-0.0,-0.11,Orange,88794.53
118,3,cat,VISIBLE,50,0,0.7326,636.48,264.57,-4.38,1.24,Orange,124750.19
118,5,desk,VISIBLE,13,0,0.4744,901.55,165.06,0.2,0.61,Red,59690.24
119,1,box,VISIBLE,78,0,0.3865,168.81,302.62,-0.13,-0.11,Orange,118748.07
119,2,airplane,OCCLUDED,13,66,0.267,237.91,86.02,-0.0,-0.11,Orange,88794.53
119,3,cat,VISIBLE,51,0,0.7553,635.68,265.47,-1.87,1.0,Orange,123941.29
119,5,desk,VISIBLE,14,0,0.4649,901.64,165.98,0.13,0.83,Red,59958.97
120,1,box,VISIBLE,79,0,0.3568,168.69,302.47,-0.13,-0.14,Orange,118769.65
120,2,airplane,OCCLUDED,13,67,0.256,237.91,85.91,-0.0,-0.11,Orange,88794.53
120,3,cat,VISIBLE,52,0,0.7591,636.76,265.84,0.2,0.56,Orange,123321.29
120,5,desk,VISIBLE,15,0,0.439,901.68,166.78,0.07,0.8,Red,60223.73
121,1,box,VISIBLE,80,0,0.3271,168.61,302.49,-0.09,-0.03,Orange,118696.2
121,2,airplane,OCCLUDED,13,68,0.244,237.91,85.8,-0.0,-0.11,Orange,88794.53
121,3,cat,VISIBLE,53,0,0.7563,638.34,265.85,1.16,0.18,Orange,123376.19
121,5,desk,VISIBLE,16,0,0.4029,901.75,167.53,0.07,0.76,Red,60450.85
122,1,box,VISIBLE,81,0,0.2951,168.6,302.53,-0.04,0.02,Orange,118644.64
122,2,airplane,OCCLUDED,13,69,0.233,237.91,85.69,-0.0,-0.11,Orange,88794.53
122,3,cat,VISIBLE,54,0,0.7467,639.15,265.62,0.92,-0.11,Orange,124389.4
122,5,desk,VISIBLE,17,0,0.3846,901.87,168.14,0.1,0.66,Red,60600.65
123,1,box,VISIBLE,82,0,0.2986,168.57,302.59,-0.03,0.04,Orange,118589.74
123,2,airplane,OCCLUDED,13,70,0.222,237.91,85.58,-0.0,-0.11,Orange,88794.53
123,3,cat,VISIBLE,55,0,0.7464,638.59,265.57,-0.12,-0.06,Orange,125922.32
123,5,desk,VISIBLE,18,0,0.4181,901.86,168.52,0.02,0.46,Red,60745.51
124,1,box,VISIBLE,83,0,0.2816,168.54,303.67,-0.03,0.77,Orange,117760.12
124,2,airplane,OCCLUDED,13,71,0.211,237.91,85.47,-0.0,-0.11,Orange,88794.53
124,3,cat,VISIBLE,56,0,0.7636,637.63,265.25,-0.7,-0.25,Orange,127223.94
124,5,desk,VISIBLE,19,0,0.3827,901.85,168.84,0.0,0.37,Red,60864.65
125,1,box,VISIBLE,84,0,0.2953,168.5,304.42,-0.04,0.76,Orange,117163.36
125,2,airplane,OCCLUDED,13,72,0.2,237.91,85.36,-0.0,-0.11,Orange,88794.53
125,3,cat,VISIBLE,57,0,0.7696,636.32,264.76,-1.12,-0.41,Orange,128117.14
125,5,desk,VISIBLE,20,0,0.3691,901.83,169.04,-0.01,0.25,Red,60946.73
126,1,box,VISIBLE,85,0,0.2949,168.51,304.92,-0.0,0.57,Orange,116812.82
126,2,airplane,OCCLUDED,13,73,0.189,237.91,85.25,-0.0,-0.11,Orange,88794.53
126,3,cat,VISIBLE,58,0,0.7744,635.06,264.34,-1.22,-0.42,Orange,128278.4
126,5,desk,VISIBLE,21,0,0.3704,901.83,168.98,-0.01,0.03,Red,60928.66
127,1,box,VISIBLE,86,0,0.2916,168.53,305.17,0.01,0.35,Orange,116638.7
127,2,airplane,OCCLUDED,13,74,0.178,237.91,85.14,-0.0,-0.11,Orange,88794.53
127,3,cat,VISIBLE,59,0,0.7644,634.02,264.47,-1.09,-0.04,Orange,127918.57
127,5,desk,VISIBLE,22,0,0.39,901.74,168.88,-0.06,-0.06,Red,60942.77
128,1,box,VISIBLE,87,0,0.2956,168.51,305.25,-0.01,0.16,Orange,116577.13
128,2,airplane,OCCLUDED,13,75,0.167,237.9,85.03,-0.0,-0.11,Orange,88794.53
128,3,cat,VISIBLE,60,0,0.7576,632.67,264.85,-1.28,0.25,Orange,127710.43
128,5,desk,VISIBLE,23,0,0.3878,901.62,168.23,-0.1,-0.48,Red,60794.29
129,1,box,VISIBLE,88,0,0.2956,168.49,305.54,-0.02,0.26,Orange,116343.14
129,2,airplane,OCCLUDED,13,76,0.156,237.9,84.92,-0.0,-0.11,Orange,88794.53
129,3,cat,VISIBLE,61,0,0.7594,631.39,265.06,-1.28,0.23,Orange,127802.5
129,5,desk,VISIBLE,24,0,0.355,901.56,167.84,-0.07,-0.42,Red,60693.7
130,1,box,VISIBLE,89,0,0.2866,168.41,304.44,-0.06,-0.69,Orange,117126.87
130,2,airplane,OCCLUDED,13,77,0.144,237.9,84.81,-0.0,-0.11,Orange,88794.53
130,3,cat,VISIBLE,62,0,0.7693,630.54,265.16,-0.98,0.14,Orange,127374.43
130,5,desk,VISIBLE,25,0,0.3505,901.5,167.63,-0.06,-0.27,Red,60658.65
131,1,box,VISIBLE,90,0,0.295,168.41,303.62,-0.02,-0.78,Orange,117755.77
131,2,airplane,OCCLUDED,13,78,0.133,237.9,84.7,-0.0,-0.11,Orange,88794.53
131,3,cat,VISIBLE,63,0,0.7647,629.49,265.16,-1.03,0.04,Orange,126608.78
131,5,desk,VISIBLE,26,0,0.356,901.48,167.53,-0.04,-0.15,Red,60644.88
132,1,box,VISIBLE,91,0,0.3008,168.34,303.12,-0.06,-0.58,Orange,118080.29
132,2,airplane,OCCLUDED,13,79,0.122,237.9,84.59,-0.0,-0.11,Orange,88794.53
132,3,cat,VISIBLE,64,0,0.7712,628.43,265.13,-1.05,-0.01,Orange,125809.93
132,5,desk,VISIBLE,27,0,0.3782,901.44,167.29,-0.03,-0.21,Red,60581.3
133,1,box,VISIBLE,92,0,0.3136,168.3,302.8,-0.04,-0.4,Orange,118298.37
133,2,airplane,OCCLUDED,13,80,0.111,237.9,84.48,-0.0,-0.11,Orange,88794.53
133,3,cat,VISIBLE,65,0,0.7721,627.45,265.19,-1.0,0.04,Orange,124207.02
133,5,desk,VISIBLE,28,0,0.3794,901.44,167.16,-0.01,-0.15,Red,60539.41
134,1,box,VISIBLE,93,0,0.3047,168.34,302.67,0.01,-0.21,Orange,118406.15
134,2,airplane,OCCLUDED,13,81,0.1,237.9,84.37,-0.0,-0.11,Orange,88794.53
134,3,cat,VISIBLE,66,0,0.7661,626.94,265.31,-0.66,0.09,Orange,122413.2
134,5,desk,VISIBLE,29,0,0.3651,901.41,167.1,-0.02,-0.08,Red,60543.62
135,1,box,VISIBLE,94,0,0.2972,168.37,302.61,0.02,-0.11,Orange,118484.68
135,2,airplane,OCCLUDED,13,82,0.089,237.9,84.26,-0.0,-0.11,Orange,88794.53
135,3,cat,VISIBLE,67,0,0.7623,626.38,265.18,-0.59,-0.06,Orange,121790.76
135,5,desk,VISIBLE,30,0,0.3678,901.38,167.17,-0.03,0.02,Red,60591.85
136,1,box,VISIBLE,95,0,0.2871,168.44,302.56,0.06,-0.06,Orange,118559.85
136,2,airplane,OCCLUDED,13,83,0.078,237.9,84.15,-0.0,-0.11,Orange,88794.53
136,3,cat,VISIBLE,68,0,0.7372,626.89,265.1,0.18,-0.08,Orange,121309.88
136,5,desk,VISIBLE,31,0,0.3825,901.34,167.28,-0.04,0.08,Red,60659.13
137,1,box,VISIBLE,96,0,0.2871,168.45,302.39,0.02,-0.14,Orange,118699.89
137,2,airplane,OCCLUDED,13,84,0.067,237.89,84.04,-0.0,-0.11,Orange,88794.53
137,3,cat,VISIBLE,69,0,0.7855,629.64,264.9,1.98,-0.16,Orange,119978.53
137,5,desk,VISIBLE,32,0,0.3872,901.25,167.25,-0.07,0.0,Red,60706.07
138,1,box,VISIBLE,97,0,0.2871,168.46,302.22,0.02,-0.16,Orange,118839.94
138,2,airplane,OCCLUDED,13,85,0.056,237.89,83.93,-0.0,-0.11,Orange,88794.53
138,3,cat,VISIBLE,70,0,0.7858,632.24,264.81,2.41,-0.11,Orange,119241.31
138,5,desk,VISIBLE,33,0,0.3735,901.22,167.25,-0.05,-0.01,Red,60722.87
139,1,box,VISIBLE,98,0,0.2975,168.47,302.56,0.01,0.19,Orange,118602.39
139,2,airplane,OCCLUDED,13,86,0.044,237.89,83.82,-0.0,-0.11,Orange,88794.53
139,3,cat,VISIBLE,71,0,0.785,633.91,264.81,1.9,-0.04,Orange,118899.63
139,5,desk,VISIBLE,34,0,0.3642,901.21,167.42,-0.02,0.12,Red,60785.6
140,1,box,VISIBLE,99,0,0.316,168.19,303.16,-0.19,0.48,Orange,118036.24
140,2,airplane,OCCLUDED,13,87,0.033,237.89,83.71,-0.0,-0.11,Orange,88794.53
140,3,cat,VISIBLE,72,0,0.7948,635.44,264.83,1.64,0.01,Orange,119141.18
140,5,desk,VISIBLE,35,0,0.3509,901.22,167.61,-0.0,0.17,Red,60848.59
141,1,box,VISIBLE,100,0,0.3205,168.0,303.55,-0.19,0.42,Orange,117662.57
141,2,airplane,OCCLUDED,13,88,0.022,237.89,83.6,-0.0,-0.11,Orange,88794.53
141,3,cat,VISIBLE,73,0,0.7899,636.59,264.87,1.3,0.02,Orange,119580.11
141,5,desk,VISIBLE,36,0,0.3499,901.22,167.73,-0.0,0.14,Red,60887.04
142,1,box,VISIBLE,101,0,0.3097,168.12,303.46,0.03,0.06,Orange,117758.63
142,2,airplane,OCCLUDED,13,89,0.011,237.89,83.49,-0.0,-0.11,Orange,88794.53
142,3,cat,VISIBLE,74,0,0.7897,637.42,264.9,0.97,0.03,Orange,120023.49
142,5,desk,VISIBLE,37,0,0.3402,901.24,167.81,0.02,0.1,Red,60899.04
143,1,box,VISIBLE,102,0,0.3311,167.96,303.74,-0.11,0.21,Orange,117485.62
143,2,airplane,OCCLUDED,13,90,0.0,237.89,83.38,-0.0,-0.11,Orange,88794.53
143,3,cat,VISIBLE,75,0,0.7856,637.88,265.14,0.61,0.18,Orange,120223.83
143,5,desk,VISIBLE,38,0,0.3362,901.27,167.88,0.03,0.08,Red,60899.39
144,1,box,VISIBLE,103,0,0.3688,167.84,303.96,-0.12,0.22,Orange,117293.62
144,2,airplane,LOST,13,91,0.0,237.89,83.27,-0.0,-0.11,Orange,88794.53
144,3,cat,VISIBLE,76,0,0.7896,638.07,265.45,0.32,0.27,Orange,120239.11
144,5,desk,VISIBLE,39,0,0.3228,901.3,167.92,0.02,0.05,Red,60900.47
145,1,box,VISIBLE,104,0,0.3747,167.75,304.09,-0.09,0.16,Orange,117172.59
145,2,airplane,LOST,13,92,0.0,237.89,83.16,-0.0,-0.11,Orange,88794.53
145,3,cat,VISIBLE,77,0,0.7846,637.98,265.69,0.04,0.24,Orange,120183.01
145,5,desk,VISIBLE,40,0,0.3288,901.32,167.94,0.02,0.03,Red,60891.09
146,1,box,VISIBLE,105,0,0.3617,167.72,304.15,-0.05,0.09,Orange,117129.85
146,2,airplane,LOST,13,93,0.0,237.88,83.05,-0.0,-0.11,Orange,88794.53
146,3,cat,VISIBLE,78,0,0.7808,637.76,265.86,-0.14,0.2,Orange,119905.83
146,5,desk,VISIBLE,41,0,0.3321,901.35,167.94,0.03,0.01,Red,60869.72
147,1,box,VISIBLE,106,0,0.379,167.69,304.16,-0.04,0.04,Orange,117113.24
147,2,airplane,LOST,13,94,0.0,237.88,82.94,-0.0,-0.11,Orange,88794.53
147,3,cat,VISIBLE,79,0,0.7749,637.62,265.82,-0.14,0.03,Orange,119834.22
147,5,desk,VISIBLE,42,0,0.3338,901.36,167.91,0.02,-0.02,Red,60855.94
148,1,box,VISIBLE,107,0,0.3777,167.69,304.19,-0.01,0.03,Orange,117113.62
148,2,airplane,LOST,13,95,0.0,237.88,82.83,-0.0,-0.11,Orange,88794.53
148,3,cat,VISIBLE,80,0,0.7781,637.53,265.79,-0.1,-0.01,Orange,119688.29
148,5,desk,VISIBLE,43,0,0.3332,901.36,167.91,0.0,-0.01,Red,60857.91
149,1,box,VISIBLE,108,0,0.3741,167.71,304.19,0.0,0.01,Orange,117121.88
149,2,airplane,LOST,13,96,0.0,237.88,82.72,-0.0,-0.11,Orange,88794.53
149,3,cat,VISIBLE,81,0,0.7834,637.54,265.65,-0.02,-0.1,Orange,119595.04
149,5,desk,VISIBLE,44,0,0.3341,901.36,167.89,0.0,-0.01,Red,60855.58
150,1,box,VISIBLE,109,0,0.3717,167.72,304.2,0.01,0.01,Orange,117124.75
150,2,airplane,LOST,13,97,0.0,237.88,82.61,-0.0,-0.11,Orange,88794.53
150,3,cat,VISIBLE,82,0,0.7865,637.5,265.55,-0.04,-0.1,Orange,119430.88
150,5,desk,VISIBLE,45,0,0.3333,901.37,167.84,0.01,-0.04,Red,60830.41
151,1,box,VISIBLE,110,0,0.4221,167.71,304.21,-0.0,0.01,Orange,117121.33
151,2,airplane,LOST,13,98,0.0,237.88,82.5,-0.0,-0.11,Orange,88794.53
151,3,cat,VISIBLE,83,0,0.7865,637.12,265.39,-0.27,-0.14,Orange,119617.49
151,5,desk,VISIBLE,46,0,0.3393,901.35,167.87,-0.01,0.01,Red,60852.97
152,1,box,VISIBLE,111,0,0.4557,167.71,304.2,-0.0,-0.01,Orange,117137.22
152,2,airplane,LOST,13,99,0.0,237.88,82.39,-0.0,-0.11,Orange,88794.53
152,3,cat,VISIBLE,84,0,0.7854,636.63,265.3,-0.43,-0.11,Orange,119691.14
152,5,desk,VISIBLE,47,0,0.3429,901.34,167.92,-0.01,0.04,Red,60877.99
153,1,box,VISIBLE,112,0,0.457,167.77,304.19,0.05,-0.0,Orange,117194.62
153,2,airplane,LOST,13,100,0.0,237.88,82.28,-0.0,-0.11,Orange,88794.53
153,3,cat,VISIBLE,85,0,0.7831,636.2,265.27,-0.43,-0.05,Orange,119665.09
153,5,desk,VISIBLE,48,0,0.3279,901.34,167.92,-0.0,0.01,Red,60877.13
154,1,box,VISIBLE,113,0,0.4198,167.84,304.08,0.07,-0.08,Orange,117319.2
154,2,airplane,LOST,13,101,0.0,237.88,82.17,-0.0,-0.11,Orange,88794.53
154,3,cat,VISIBLE,86,0,0.7843,636.04,265.12,-0.25,-0.12,Orange,119410.21
154,5,desk,VISIBLE,49,0,0.35,901.34,167.97,0.0,0.04,Red,60891.29
155,1,box,VISIBLE,114,0,0.4432,167.75,304.1,-0.04,-0.01,Orange,117228.56
155,2,airplane,LOST,13,102,0.0,237.88,82.06,-0.0,-0.11,Orange,88794.53
155,3,cat,VISIBLE,87,0,0.7925,635.86,264.99,-0.2,-0.13,Orange,119604.57
155,5,desk,VISIBLE,50,0,0.3486,901.34,167.9,-0.0,-0.04,Red,60873.02
156,1,box,VISIBLE,115,0,0.4526,167.69,304.02,-0.06,-0.05,Orange,117224.34
156,2,airplane,LOST,13,103,0.0,237.87,81.95,-0.0,-0.11,Orange,88794.53
156,3,cat,VISIBLE,88,0,0.793,635.81,264.88,-0.1,-0.12,Orange,119799.99
156,5,desk,VISIBLE,51,0,0.3513,901.32,167.82,-0.01,-0.07,Red,60857.7
157,1,box,VISIBLE,116,0,0.4626,167.66,303.97,-0.04,-0.06,Orange,117239.29
157,2,airplane,LOST,13,104,0.0,237.87,81.84,-0.0,-0.11,Orange,88794.53
157,3,cat,VISIBLE,89,0,0.7943,635.82,264.81,-0.02,-0.08,Orange,119931.5
157,5,desk,VISIBLE,52,0,0.3498,901.32,167.75,-0.0,-0.07,Red,60837.41
158,1,box,VISIBLE,117,0,0.4773,167.71,303.82,0.02,-0.12,Orange,117181.86
158,2,airplane,LOST,13,105,0.0,237.87,81.73,-0.0,-0.11,Orange,88794.53
158,3,cat,VISIBLE,90,0,0.7909,635.88,264.8,0.04,-0.03,Orange,120044.87
158,5,desk,VISIBLE,53,0,0.3559,901.31,167.74,-0.01,-0.03,Red,60842.63
159,1,box,VISIBLE,118,0,0.4797,167.75,303.72,0.03,-0.11,Orange,117155.27
159,2,airplane,LOST,13,106,0.0,237.87,81.62,-0.0,-0.11,Orange,88794.53
159,3,cat,VISIBLE,91,0,0.7924,635.99,264.82,0.09,0.0,Orange,120118.77
159,5,desk,VISIBLE,54,0,0.3585,901.31,167.76,-0.01,0.0,Red,60852.53
160,1,box,VISIBLE,119,0,0.4901,167.79,303.65,0.04,-0.07,Orange,117148.72
160,2,airplane,LOST,13,107,0.0,237.87,81.51,-0.0,-0.11,Orange,88794.53
160,3,cat,VISIBLE,92,0,0.7935,636.22,264.84,0.18,0.01,Orange,120218.69
160,5,desk,VISIBLE,55,0,0.36,901.3,167.75,-0.01,-0.01,Red,60853.43
161,1,box,VISIBLE,120,0,0.4938,167.79,303.62,0.01,-0.05,Orange,117118.55
161,2,airplane,LOST,13,108,0.0,237.87,81.4,-0.0,-0.11,Orange,88794.53
161,3,cat,VISIBLE,93,0,0.7954,636.66,264.85,0.37,0.01,Orange,120283.17
161,5,desk,VISIBLE,56,0,0.3659,901.29,167.77,-0.01,0.01,Red,60869.42
162,1,box,VISIBLE,121,0,0.4867,167.78,303.59,-0.0,-0.04,Orange,117107.84
162,2,airplane,LOST,13,109,0.0,237.87,81.29,-0.0,-0.11,Orange,88794.53
162,3,cat,VISIBLE,94,0,0.7964,637.05,264.87,0.38,0.01,Orange,120402.66
162,5,desk,VISIBLE,57,0,0.3733,901.26,167.81,-0.02,0.04,Red,60904.47
163,1,box,VISIBLE,122,0,0.4839,167.76,303.55,-0.01,-0.03,Orange,117112.0
163,2,airplane,LOST,13,110,0.0,237.87,81.18,-0.0,-0.11,Orange,88794.53
163,3,cat,VISIBLE,95,0,0.8035,637.68,264.9,0.56,0.03,Orange,120542.06
163,5,desk,VISIBLE,58,0,0.3707,901.24,167.87,-0.02,0.05,Red,60937.21
164,1,box,VISIBLE,123,0,0.4798,167.76,303.52,-0.0,-0.03,Orange,117139.11
164,2,airplane,LOST,13,111,0.0,237.87,81.07,-0.0,-0.11,Orange,88794.53
164,3,cat,VISIBLE,96,0,0.8014,638.23,264.91,0.55,0.02,Orange,120690.46
164,5,desk,VISIBLE,59,0,0.3674,901.23,167.85,-0.01,0.01,Red,60939.31
165,1,box,VISIBLE,124,0,0.4835,167.76,303.51,-0.0,-0.01,Orange,117159.39
165,2,airplane,LOST,13,112,0.0,237.86,80.96,-0.0,-0.11,Orange,88794.53
165,3,cat,VISIBLE,97,0,0.7977,638.66,264.91,0.47,0.0,Orange,120841.56
165,5,desk,VISIBLE,60,0,0.3382,901.25,167.88,0.01,0.02,Red,60931.29
166,1,box,VISIBLE,125,0,0.4631,167.78,303.49,0.01,-0.02,Orange,117196.22
166,2,airplane,LOST,13,113,0.0,237.86,80.85,-0.0,-0.11,Orange,88794.53
166,3,cat,VISIBLE,98,0,0.7946,638.93,264.94,0.33,0.02,Orange,120951.12
166,5,desk,VISIBLE,61,0,0.3393,901.25,167.94,0.0,0.05,Red,60953.55
167,1,box,VISIBLE,126,0,0.4749,167.79,303.49,0.01,-0.01,Orange,117227.46
167,2,airplane,LOST,13,114,0.0,237.86,80.74,-0.0,-0.11,Orange,88794.53
167,3,cat,VISIBLE,99,0,0.7964,639.1,264.97,0.21,0.03,Orange,121012.81
167,5,desk,VISIBLE,62,0,0.3324,901.25,167.98,0.0,0.04,Red,60959.49
168,1,box,VISIBLE,127,0,0.4788,167.74,303.51,-0.03,0.01,Orange,117175.59
168,2,airplane,LOST,13,115,0.0,237.86,80.63,-0.0,-0.11,Orange,88794.53
168,3,cat,VISIBLE,100,0,0.7968,639.19,265.0,0.13,0.03,Orange,121016.91
168,5,desk,VISIBLE,63,0,0.3375,901.24,168.05,-0.01,0.06,Red,60993.05
169,1,box,VISIBLE,128,0,0.4846,167.71,303.59,-0.03,0.06,Orange,117109.89
169,2,airplane,LOST,13,116,0.0,237.86,80.52,-0.0,-0.11,Orange,88794.53
169,3,cat,VISIBLE,101,0,0.8028,639.22,265.14,0.06,0.1,Orange,120895.97
169,5,desk,VISIBLE,64,0,0.3328,901.25,168.04,0.01,0.01,Red,60985.04
170,1,box,VISIBLE,129,0,0.4765,167.67,303.67,-0.04,0.08,Orange,117039.34
170,2,airplane,LOST,13,117,0.0,237.86,80.41,-0.0,-0.11,Orange,88794.53
170,3,cat,VISIBLE,102,0,0.8039,639.23,265.25,0.02,0.11,Orange,120772.5
170,5,desk,VISIBLE,65,0,0.3329,901.26,168.05,0.01,0.01,Red,60978.95
171,1,box,VISIBLE,130,0,0.445,167.59,303.72,-0.07,0.05,Orange,116923.66
171,2,airplane,LOST,13,118,0.0,237.86,80.3,-0.0,-0.11,Orange,88794.53
171,3,cat,VISIBLE,103,0,0.8027,639.09,265.37,-0.09,0.11,Orange,120749.61
171,5,desk,VISIBLE,66,0,0.3356,901.3,168.14,0.03,0.07,Red,60991.07
172,1,box,VISIBLE,131,0,0.4089,167.47,303.96,-0.11,0.18,Orange,116807.05
172,2,airplane,LOST,13,119,0.0,237.86,80.19,-0.0,-0.11,Orange,88794.53
172,3,cat,VISIBLE,104,0,0.8087,638.96,265.44,-0.12,0.09,Orange,120746.96
172,5,desk,VISIBLE,67,0,0.3307,901.34,168.16,0.04,0.03,Red,60970.85
173,1,box,VISIBLE,132,0,0.4277,167.47,304.15,-0.03,0.2,Orange,116765.94
173,2,airplane,LOST,13,120,0.0,237.86,80.08,-0.0,-0.11,Orange,88794.53
173,3,cat,VISIBLE,105,0,0.8102,638.86,265.48,-0.11,0.05,Orange,120742.8
173,5,desk,VISIBLE,68,0,0.3395,901.36,168.2,0.02,0.04,Red,60975.22
174,1,box,VISIBLE,133,0,0.4732,167.49,304.28,0.01,0.15,Orange,116718.96
174,2,airplane,LOST,13,121,0.0,237.85,79.97,-0.0,-0.11,Orange,88794.53
174,3,cat,VISIBLE,106,0,0.8176,638.83,265.55,-0.05,0.07,Orange,120662.9
174,5,desk,VISIBLE,69,0,0.3342,901.39,168.2,0.03,0.01,Red,60956.24
175,1,box,VISIBLE,134,0,0.4495,167.47,304.48,-0.01,0.18,Orange,116578.2
175,2,airplane,LOST,13,122,0.0,237.85,79.86,-0.0,-0.11,Orange,88794.53
175,3,cat,VISIBLE,107,0,0.8183,638.8,265.8,-0.03,0.19,Orange,120496.05
175,5,desk,VISIBLE,70,0,0.327,901.4,168.17,0.02,-0.02,Red,60935.9
176,1,box,VISIBLE,135,0,0.4636,167.47,304.54,-0.0,0.1,Orange,116530.96
176,2,airplane,LOST,13,123,0.0,237.85,79.75,-0.0,-0.11,Orange,88794.53
176,3,cat,VISIBLE,108,0,0.8151,638.82,266.19,0.0,0.33,Orange,120220.57
176,5,desk,VISIBLE,71,0,0.3369,901.39,168.16,-0.0,-0.01,Red,60939.65
177,1,box,VISIBLE,136,0,0.4732,167.48,304.45,0.01,-0.03,Orange,116591.27
177,2,airplane,LOST,13,124,0.0,237.85,79.64,-0.0,-0.11,Orange,88794.53
177,3,cat,VISIBLE,109,0,0.8165,638.79,266.74,-0.02,0.49,Orange,119841.27
177,5,desk,VISIBLE,72,0,0.3448,901.4,168.15,0.01,-0.02,Red,60928.16
178,1,box,VISIBLE,137,0,0.4759,167.5,304.32,0.01,-0.1,Orange,116685.72
178,2,airplane,LOST,13,125,0.0,237.85,79.53,-0.0,-0.11,Orange,88794.53
178,3,cat,VISIBLE,110,0,0.8157,638.74,267.22,-0.04,0.48,Orange,119561.03
178,5,desk,VISIBLE,73,0,0.3466,901.42,168.15,0.01,-0.0,Red,60919.37
179,1,box,VISIBLE,138,0,0.4713,167.56,304.22,0.05,-0.1,Orange,116789.58
179,2,airplane,LOST,13,126,0.0,237.85,79.42,-0.0,-0.11,Orange,88794.53
179,3,cat,VISIBLE,111,0,0.8217,638.85,267.69,0.06,0.47,Orange,118784.92
179,5,desk,VISIBLE,74,0,0.3488,901.41,168.16,0.0,0.01,Red,60926.21
180,1,box,VISIBLE,139,0,0.49,167.6,304.18,0.04,-0.05,Orange,116835.32
180,2,airplane,LOST,13,127,0.0,237.85,79.31,-0.0,-0.11,Orange,88794.53
180,3,cat,VISIBLE,112,0,0.8191,638.84,267.97,0.02,0.33,Orange,118342.22
180,5,desk,VISIBLE,75,0,0.3471,901.43,168.19,0.01,0.02,Red,60926.47
181,1,box,VISIBLE,140,0,0.4996,167.62,304.25,0.03,0.03,Orange,116793.79
181,2,airplane,LOST,13,128,0.0,237.85,79.2,-0.0,-0.11,Orange,88794.53
181,3,cat,VISIBLE,113,0,0.8255,638.85,268.29,0.01,0.33,Orange,117984.62
181,5,desk,VISIBLE,76,0,0.3566,901.42,168.21,-0.0,0.02,Red,60939.83
182,1,box,VISIBLE,141,0,0.5047,167.62,304.26,0.01,0.02,Orange,116793.49
182,2,airplane,LOST,13,129,0.0,237.85,79.09,-0.0,-0.11,Orange,88794.53
182,3,cat,VISIBLE,114,0,0.8333,638.76,268.68,-0.06,0.37,Orange,117717.66
182,5,desk,VISIBLE,77,0,0.359,901.41,168.24,-0.01,0.02,Red,60956.73
183,1,box,VISIBLE,142,0,0.4893,167.62,304.25,-0.0,-0.01,Orange,116798.7
183,2,airplane,LOST,13,130,0.0,237.84,78.98,-0.0,-0.11,Orange,88794.53
183,3,cat,VISIBLE,115,0,0.8299,638.59,269.1,-0.14,0.4,Orange,117552.47
183,5,desk,VISIBLE,78,0,0.3703,901.39,168.28,-0.02,0.04,Red,60991.33
184,1,box,VISIBLE,143,0,0.4831,167.59,304.31,-0.02,0.04,Orange,116755.23
184,2,airplane,LOST,13,131,0.0,237.84,78.87,-0.0,-0.11,Orange,88794.53
184,3,cat,VISIBLE,116,0,0.8303,638.37,269.72,-0.2,0.56,Orange,117300.57
184,5,desk,VISIBLE,79,0,0.3677,901.37,168.34,-0.02,0.05,Red,61022.44
185,1,box,VISIBLE,144,0,0.4664,167.65,304.35,0.03,0.04,Orange,116757.57
185,2,airplane,LOST,13,132,0.0,237.84,78.76,-0.0,-0.11,Orange,88794.53
185,3,cat,VISIBLE,117,0,0.8143,637.94,270.63,-0.35,0.8,Orange,117382.2
185,5,desk,VISIBLE,80,0,0.3753,901.38,168.37,0.0,0.04,Red,61029.2
186,1,box,VISIBLE,145,0,0.4427,167.66,304.4,0.02,0.05,Orange,116737.81
186,2,airplane,LOST,13,133,0.0,237.84,78.65,-0.0,-0.11,Orange,88794.53
186,3,cat,VISIBLE,118,0,0.8221,637.4,271.51,-0.49,0.86,Orange,117111.08
186,5,desk,VISIBLE,81,0,0.3679,901.38,168.41,0.0,0.05,Red,61041.99
187,1,box,VISIBLE,146,0,0.4126,167.62,304.45,-0.02,0.04,Orange,116654.16
187,2,airplane,LOST,13,134,0.0,237.84,78.54,-0.0,-0.11,Orange,88794.53
187,3,cat,VISIBLE,119,0,0.833,636.46,272.64,-0.8,1.05,Orange,116918.03
187,5,desk,VISIBLE,82,0,0.3437,901.38,168.5,-0.0,0.07,Red,61075.9
188,1,box,VISIBLE,147,0,0.3689,167.77,304.15,0.1,-0.19,Orange,116916.71
188,2,airplane,LOST,13,135,0.0,237.84,78.43,-0.0,-0.11,Orange,88794.53
188,3,cat,VISIBLE,120,0,0.8275,634.98,273.81,-1.28,1.13,Orange,117101.1
188,5,desk,VISIBLE,83,0,0.3218,901.35,168.51,-0.03,0.03,Red,61105.95
189,1,box,VISIBLE,148,0,0.3967,167.6,304.32,-0.09,0.06,Orange,116711.05
189,2,airplane,LOST,13,136,0.0,237.84,78.32,-0.0,-0.11,Orange,88794.53
189,3,cat,VISIBLE,121,0,0.7987,632.09,275.3,-2.4,1.38,Orange,117981.79
189,5,desk,VISIBLE,84,0,0.3226,901.3,168.54,-0.04,0.03,Red,61149.95
190,1,box,VISIBLE,149,0,0.3875,167.57,304.39,-0.05,0.07,Orange,116674.5
190,2,airplane,LOST,13,137,0.0,237.84,78.21,-0.0,-0.11,Orange,88794.53
190,3,cat,VISIBLE,122,0,0.7638,629.56,277.48,-2.49,1.94,Orange,118202.97
190,5,desk,VISIBLE,85,0,0.3364,901.23,168.57,-0.06,0.03,Red,61209.3
191,1,box,VISIBLE,150,0,0.355,167.52,304.38,-0.05,0.01,Orange,116674.51
191,2,airplane,LOST,13,138,0.0,237.84,78.1,-0.0,-0.11,Orange,88794.53
191,3,cat,VISIBLE,123,0,0.7225,627.02,278.77,-2.53,1.49,Orange,119360.93
191,5,desk,VISIBLE,86,0,0.3508,901.13,168.62,-0.08,0.04,Red,61287.61
192,1,box,VISIBLE,151,0,0.3207,167.5,304.36,-0.03,-0.01,Orange,116675.52
192,2,airplane,LOST,13,139,0.0,237.84,77.99,-0.0,-0.11,Orange,88794.53
192,3,cat,VISIBLE,124,0,0.7141,624.12,279.65,-2.79,1.06,Orange,120845.24
192,5,desk,VISIBLE,87,0,0.3477,901.06,168.66,-0.08,0.04,Red,61351.21
193,1,box,VISIBLE,152,0,0.2919,167.72,303.89,0.15,-0.33,Orange,117104.74
193,2,airplane,LOST,13,140,0.0,237.83,77.88,-0.0,-0.11,Orange,88794.53
193,3,cat,VISIBLE,125,0,0.6135,620.67,280.87,-3.25,1.17,Orange,122072.21
193,5,desk,VISIBLE,88,0,0.3369,901.09,169.19,-0.0,0.39,Red,61519.46
194,1,box,VISIBLE,153,0,0.3083,167.94,303.51,0.19,-0.36,Orange,117492.54
194,2,airplane,LOST,13,141,0.0,237.83,77.77,-0.0,-0.11,Orange,88794.53
194,3,cat,VISIBLE,126,0,0.6712,617.53,281.75,-3.17,0.97,Orange,123022.99
194,5,desk,VISIBLE,89,0,0.3382,901.16,169.5,0.05,0.33,Red,61585.49
195,1,box,VISIBLE,154,0,0.2912,167.89,303.61,0.03,-0.04,Orange,117434.68
195,2,airplane,LOST,13,142,0.0,237.83,77.66,-0.0,-0.11,Orange,88794.53
195,3,cat,VISIBLE,127,0,0.7739,614.28,282.32,-3.23,0.69,Orange,123832.66
195,5,desk,VISIBLE,90,0,0.3482,901.2,169.64,0.05,0.19,Red,61596.41
196,1,box,VISIBLE,155,0,0.288,168.0,303.34,0.08,-0.2,Orange,117661.22
196,2,airplane,LOST,13,143,0.0,237.83,77.55,-0.0,-0.11,Orange,88794.53
196,3,cat,VISIBLE,128,0,0.7739,611.59,282.69,-2.85,0.47,Orange,124396.81
196,5,desk,VISIBLE,91,0,0.3604,901.16,169.25,-0.01,-0.22,Red,61485.38
197,1,box,VISIBLE,156,0,0.288,168.06,303.19,0.07,-0.17,Orange,117807.42
197,2,airplane,LOST,13,144,0.0,237.83,77.44,-0.0,-0.11,Orange,88794.53
197,3,cat,VISIBLE,129,0,0.5588,609.44,283.0,-2.36,0.36,Orange,125545.29
197,5,desk,VISIBLE,92,0,0.3584,901.15,168.99,-0.01,-0.24,Red,61402.37
198,1,box,VISIBLE,157,0,0.2884,167.83,303.5,-0.14,0.17,Orange,117484.21
198,2,airplane,LOST,13,145,0.0,237.83,77.33,-0.0,-0.11,Orange,88794.53
198,3,cat,VISIBLE,130,0,0.7388,606.84,282.79,-2.53,-0.04,Orange,125819.3
198,5,desk,VISIBLE,93,0,0.3931,901.14,168.78,-0.01,-0.22,Red,61341.89
199,1,box,VISIBLE,158,0,0.2884,167.81,303.47,-0.05,0.03,Orange,117505.77
199,2,airplane,LOST,13,146,0.0,237.83,77.22,-0.0,-0.11,Orange,88794.53
199,3,cat,VISIBLE,131,0,0.7368,603.5,282.14,-3.1,-0.46,Orange,125880.82
199,5,desk,VISIBLE,94,0,0.3909,901.14,168.71,-0.0,-0.12,Red,61314.77
200,1,box,VISIBLE,159,0,0.3136,167.39,303.82,-0.31,0.26,Orange,116972.87
200,2,airplane,LOST,13,147,0.0,237.83,77.11,-0.0,-0.11,Orange,88794.53
200,3,cat,VISIBLE,132,0,0.7388,599.91,281.39,-3.44,-0.67,Orange,125579.97
200,5,desk,VISIBLE,95,0,0.4057,901.09,168.83,-0.04,0.05,Red,61397.27
201,1,box,VISIBLE,160,0,0.3312,167.25,303.89,-0.19,0.12,Orange,116659.74
201,2,airplane,LOST,13,148,0.0,237.83,77.0,-0.0,-0.11,Orange,88794.53
201,3,cat,VISIBLE,133,0,0.7676,595.76,280.76,-3.94,-0.64,Orange,125564.03
201,5,desk,VISIBLE,96,0,0.4161,901.07,168.76,-0.03,-0.03,Red,61387.21
202,1,box,VISIBLE,161,0,0.4234,167.12,304.03,-0.15,0.14,Orange,116469.43
202,2,airplane,LOST,13,149,0.0,237.82,76.89,-0.0,-0.11,Orange,88794.53
202,3,cat,VISIBLE,134,0,0.8291,591.32,281.06,-4.29,0.01,Orange,125117.01
202,5,desk,VISIBLE,97,0,0.4187,901.06,168.7,-0.01,-0.05,Red,61366.72
203,1,box,VISIBLE,162,0,0.4234,166.99,304.12,-0.13,0.1,Orange,116290.49
203,2,airplane,LOST,13,150,0.0,237.82,76.78,-0.0,-0.11,Orange,88794.53
203,3,cat,VISIBLE,135,0,0.8203,587.64,281.25,-3.86,0.14,Orange,124298.19
203,5,desk,VISIBLE,98,0,0.4189,901.05,168.68,-0.01,-0.03,Red,61368.41
204,1,box,VISIBLE,163,0,0.4234,166.86,304.21,-0.13,0.09,Orange,116111.7
204,2,airplane,LOST,13,151,0.0,237.82,76.67,-0.0,-0.11,Orange,88794.53
204,3,cat,VISIBLE,136,0,0.7905,584.25,281.09,-3.53,-0.07,Orange,123326.57
204,5,desk,VISIBLE,99,0,0.4146,901.1,169.0,0.03,0.21,Red,61444.39
